test_1,test_2,result,start,stop,time_index,battery_voltage,field,measurement,host,name,slave_id,type
,,1,2023-05-25T06:00:00Z,2023-05-25T18:00:00Z,2023-05-25T06:02:00Z,701.6999999999999,battery voltage,modbus,freqcon,MB198_DC01_01,2,holding_register
,,1,2023-05-25T06:00:00Z,2023-05-25T18:00:00Z,2023-05-25T06:04:00Z,701.6999999999999,battery voltage,modbus,freqcon,MB198_DC01_01,2,holding_register
,,1,2023-05-25T06:00:00Z,2023-05-25T18:00:00Z,2023-05-25T06:06:00Z,701.6999999999999,battery voltage,modbus,freqcon,MB198_DC01_01,2,holding_register
,,1,2023-05-25T06:00:00Z,2023-05-25T18:00:00Z,2023-05-25T06:08:00Z,701.6999999999999,battery voltage,modbus,freqcon,MB198_DC01_01,2,holding_register
,,1,2023-05-25T06:00:00Z,2023-05-25T18:00:00Z,2023-05-25T06:10:00Z,701.6999999999999,battery voltage,modbus,freqcon,MB198_DC01_01,2,holding_register
,,1,2023-05-25T06:00:00Z,2023-05-25T18:00:00Z,2023-05-25T06:12:00Z,701.6999999999999,battery voltage,modbus,freqcon,MB198_DC01_01,2,holding_register
,,1,2023-05-25T06:00:00Z,2023-05-25T18:00:00Z,2023-05-25T06:14:00Z,701.6999999999999,battery voltage,modbus,freqcon,MB198_DC01_01,2,holding_register
,,1,2023-05-25T06:00:00Z,2023-05-25T18:00:00Z,2023-05-25T06:16:00Z,701.6999999999999,battery voltage,modbus,freqcon,MB198_DC01_01,2,holding_register
,,1,2023-05-25T06:00:00Z,2023-05-25T18:00:00Z,2023-05-25T06:18:00Z,702.4500000000002,battery voltage,modbus,freqcon,MB198_DC01_01,2,holding_register
,,1,2023-05-25T06:00:00Z,2023-05-25T18:00:00Z,2023-05-25T06:20:00Z,704.7833333333334,battery voltage,modbus,freqcon,MB198_DC01_01,2,holding_register
,,1,2023-05-25T06:00:00Z,2023-05-25T18:00:00Z,2023-05-25T06:22:00Z,708.7166666666667,battery voltage,modbus,freqcon,MB198_DC01_01,2,holding_register
,,1,2023-05-25T06:00:00Z,2023-05-25T18:00:00Z,2023-05-25T06:24:00Z,714.1333333333333,battery voltage,modbus,freqcon,MB198_DC01_01,2,holding_register
,,1,2023-05-25T06:00:00Z,2023-05-25T18:00:00Z,2023-05-25T06:26:00Z,718.5666666666667,battery voltage,modbus,freqcon,MB198_DC01_01,2,holding_register
,,1,2023-05-25T06:00:00Z,2023-05-25T18:00:00Z,2023-05-25T06:28:00Z,718.2833333333334,battery voltage,modbus,freqcon,MB198_DC01_01,2,holding_register
,,1,2023-05-25T06:00:00Z,2023-05-25T18:00:00Z,2023-05-25T06:30:00Z,678.4666666666666,battery voltage,modbus,freqcon,MB198_DC01_01,2,holding_register
,,1,2023-05-25T06:00:00Z,2023-05-25T18:00:00Z,2023-05-25T06:32:00Z,672.1,battery voltage,modbus,freqcon,MB198_DC01_01,2,holding_register
,,1,2023-05-25T06:00:00Z,2023-05-25T18:00:00Z,2023-05-25T06:34:00Z,672.1,battery voltage,modbus,freqcon,MB198_DC01_01,2,holding_register
,,1,2023-05-25T06:00:00Z,2023-05-25T18:00:00Z,2023-05-25T06:36:00Z,672.1,battery voltage,modbus,freqcon,MB198_DC01_01,2,holding_register
,,1,2023-05-25T06:00:00Z,2023-05-25T18:00:00Z,2023-05-25T06:38:00Z,672.1,battery voltage,modbus,freqcon,MB198_DC01_01,2,holding_register
,,1,2023-05-25T06:00:00Z,2023-05-25T18:00:00Z,2023-05-25T06:40:00Z,672.1,battery voltage,modbus,freqcon,MB198_DC01_01,2,holding_register
,,1,2023-05-25T06:00:00Z,2023-05-25T18:00:00Z,2023-05-25T06:42:00Z,672.1,battery voltage,modbus,freqcon,MB198_DC01_01,2,holding_register
,,1,2023-05-25T06:00:00Z,2023-05-25T18:00:00Z,2023-05-25T06:44:00Z,672.1,battery voltage,modbus,freqcon,MB198_DC01_01,2,holding_register
,,1,2023-05-25T06:00:00Z,2023-05-25T18:00:00Z,2023-05-25T06:46:00Z,672.1,battery voltage,modbus,freqcon,MB198_DC01_01,2,holding_register
,,1,2023-05-25T06:00:00Z,2023-05-25T18:00:00Z,2023-05-25T06:48:00Z,672.1,battery voltage,modbus,freqcon,MB198_DC01_01,2,holding_register
,,1,2023-05-25T06:00:00Z,2023-05-25T18:00:00Z,2023-05-25T06:50:00Z,672.0333333333333,battery voltage,modbus,freqcon,MB198_DC01_01,2,holding_register
,,1,2023-05-25T06:00:00Z,2023-05-25T18:00:00Z,2023-05-25T06:52:00Z,671.75,battery voltage,modbus,freqcon,MB198_DC01_01,2,holding_register
,,1,2023-05-25T06:00:00Z,2023-05-25T18:00:00Z,2023-05-25T06:54:00Z,670.8166666666667,battery voltage,modbus,freqcon,MB198_DC01_01,2,holding_register
,,1,2023-05-25T06:00:00Z,2023-05-25T18:00:00Z,2023-05-25T06:56:00Z,670.3333333333335,battery voltage,modbus,freqcon,MB198_DC01_01,2,holding_register
,,1,2023-05-25T06:00:00Z,2023-05-25T18:00:00Z,2023-05-25T06:58:00Z,670.3000000000001,battery voltage,modbus,freqcon,MB198_DC01_01,2,holding_register
,,1,2023-05-25T06:00:00Z,2023-05-25T18:00:00Z,2023-05-25T07:00:00Z,670.3000000000001,battery voltage,modbus,freqcon,MB198_DC01_01,2,holding_register
,,1,2023-05-25T06:00:00Z,2023-05-25T18:00:00Z,2023-05-25T07:02:00Z,670.3000000000001,battery voltage,modbus,freqcon,MB198_DC01_01,2,holding_register
,,1,2023-05-25T06:00:00Z,2023-05-25T18:00:00Z,2023-05-25T07:04:00Z,670.3000000000001,battery voltage,modbus,freqcon,MB198_DC01_01,2,holding_register
,,1,2023-05-25T06:00:00Z,2023-05-25T18:00:00Z,2023-05-25T07:06:00Z,670.0666666666667,battery voltage,modbus,freqcon,MB198_DC01_01,2,holding_register
,,1,2023-05-25T06:00:00Z,2023-05-25T18:00:00Z,2023-05-25T07:08:00Z,669.9000000000001,battery voltage,modbus,freqcon,MB198_DC01_01,2,holding_register
,,1,2023-05-25T06:00:00Z,2023-05-25T18:00:00Z,2023-05-25T07:10:00Z,669.1,battery voltage,modbus,freqcon,MB198_DC01_01,2,holding_register
,,1,2023-05-25T06:00:00Z,2023-05-25T18:00:00Z,2023-05-25T07:12:00Z,668.6999999999999,battery voltage,modbus,freqcon,MB198_DC01_01,2,holding_register
,,1,2023-05-25T06:00:00Z,2023-05-25T18:00:00Z,2023-05-25T07:14:00Z,668.5333333333333,battery voltage,modbus,freqcon,MB198_DC01_01,2,holding_register
,,1,2023-05-25T06:00:00Z,2023-05-25T18:00:00Z,2023-05-25T07:16:00Z,668.5,battery voltage,modbus,freqcon,MB198_DC01_01,2,holding_register
,,1,2023-05-25T06:00:00Z,2023-05-25T18:00:00Z,2023-05-25T07:18:00Z,668.5,battery voltage,modbus,freqcon,MB198_DC01_01,2,holding_register
,,1,2023-05-25T06:00:00Z,2023-05-25T18:00:00Z,2023-05-25T07:20:00Z,668.5,battery voltage,modbus,freqcon,MB198_DC01_01,2,holding_register
,,1,2023-05-25T06:00:00Z,2023-05-25T18:00:00Z,2023-05-25T07:22:00Z,668.3666666666667,battery voltage,modbus,freqcon,MB198_DC01_01,2,holding_register
,,1,2023-05-25T06:00:00Z,2023-05-25T18:00:00Z,2023-05-25T07:24:00Z,667.9666666666667,battery voltage,modbus,freqcon,MB198_DC01_01,2,holding_register
,,1,2023-05-25T06:00:00Z,2023-05-25T18:00:00Z,2023-05-25T07:26:00Z,667.1500000000001,battery voltage,modbus,freqcon,MB198_DC01_01,2,holding_register
,,1,2023-05-25T06:00:00Z,2023-05-25T18:00:00Z,2023-05-25T07:28:00Z,666.6833333333333,battery voltage,modbus,freqcon,MB198_DC01_01,2,holding_register
,,1,2023-05-25T06:00:00Z,2023-05-25T18:00:00Z,2023-05-25T07:30:00Z,666.6,battery voltage,modbus,freqcon,MB198_DC01_01,2,holding_register
,,1,2023-05-25T06:00:00Z,2023-05-25T18:00:00Z,2023-05-25T07:32:00Z,666.6,battery voltage,modbus,freqcon,MB198_DC01_01,2,holding_register
,,1,2023-05-25T06:00:00Z,2023-05-25T18:00:00Z,2023-05-25T07:34:00Z,666.6,battery voltage,modbus,freqcon,MB198_DC01_01,2,holding_register
,,1,2023-05-25T06:00:00Z,2023-05-25T18:00:00Z,2023-05-25T07:36:00Z,665.8333333333334,battery voltage,modbus,freqcon,MB198_DC01_01,2,holding_register
,,1,2023-05-25T06:00:00Z,2023-05-25T18:00:00Z,2023-05-25T07:38:00Z,664.6999999999999,battery voltage,modbus,freqcon,MB198_DC01_01,2,holding_register
,,1,2023-05-25T06:00:00Z,2023-05-25T18:00:00Z,2023-05-25T07:40:00Z,664.6999999999999,battery voltage,modbus,freqcon,MB198_DC01_01,2,holding_register
,,1,2023-05-25T06:00:00Z,2023-05-25T18:00:00Z,2023-05-25T07:42:00Z,664.6999999999999,battery voltage,modbus,freqcon,MB198_DC01_01,2,holding_register
,,1,2023-05-25T06:00:00Z,2023-05-25T18:00:00Z,2023-05-25T07:44:00Z,664.65,battery voltage,modbus,freqcon,MB198_DC01_01,2,holding_register
,,1,2023-05-25T06:00:00Z,2023-05-25T18:00:00Z,2023-05-25T07:46:00Z,663.2666666666668,battery voltage,modbus,freqcon,MB198_DC01_01,2,holding_register
,,1,2023-05-25T06:00:00Z,2023-05-25T18:00:00Z,2023-05-25T07:48:00Z,662.9000000000001,battery voltage,modbus,freqcon,MB198_DC01_01,2,holding_register
,,1,2023-05-25T06:00:00Z,2023-05-25T18:00:00Z,2023-05-25T07:50:00Z,662.9000000000001,battery voltage,modbus,freqcon,MB198_DC01_01,2,holding_register
,,1,2023-05-25T06:00:00Z,2023-05-25T18:00:00Z,2023-05-25T07:52:00Z,662.4,battery voltage,modbus,freqcon,MB198_DC01_01,2,holding_register
,,1,2023-05-25T06:00:00Z,2023-05-25T18:00:00Z,2023-05-25T07:54:00Z,661,battery voltage,modbus,freqcon,MB198_DC01_01,2,holding_register
,,1,2023-05-25T06:00:00Z,2023-05-25T18:00:00Z,2023-05-25T07:56:00Z,660.75,battery voltage,modbus,freqcon,MB198_DC01_01,2,holding_register
,,1,2023-05-25T06:00:00Z,2023-05-25T18:00:00Z,2023-05-25T07:58:00Z,659.3833333333333,battery voltage,modbus,freqcon,MB198_DC01_01,2,holding_register
,,1,2023-05-25T06:00:00Z,2023-05-25T18:00:00Z,2023-05-25T08:00:00Z,659.1833333333333,battery voltage,modbus,freqcon,MB198_DC01_01,2,holding_register
,,1,2023-05-25T06:00:00Z,2023-05-25T18:00:00Z,2023-05-25T08:02:00Z,657.85,battery voltage,modbus,freqcon,MB198_DC01_01,2,holding_register
,,1,2023-05-25T06:00:00Z,2023-05-25T18:00:00Z,2023-05-25T08:04:00Z,656.85,battery voltage,modbus,freqcon,MB198_DC01_01,2,holding_register
,,1,2023-05-25T06:00:00Z,2023-05-25T18:00:00Z,2023-05-25T08:06:00Z,655.65,battery voltage,modbus,freqcon,MB198_DC01_01,2,holding_register
,,1,2023-05-25T06:00:00Z,2023-05-25T18:00:00Z,2023-05-25T08:08:00Z,654.15,battery voltage,modbus,freqcon,MB198_DC01_01,2,holding_register
,,1,2023-05-25T06:00:00Z,2023-05-25T18:00:00Z,2023-05-25T08:10:00Z,653.0500000000001,battery voltage,modbus,freqcon,MB198_DC01_01,2,holding_register
,,1,2023-05-25T06:00:00Z,2023-05-25T18:00:00Z,2023-05-25T08:12:00Z,651.3833333333333,battery voltage,modbus,freqcon,MB198_DC01_01,2,holding_register
,,1,2023-05-25T06:00:00Z,2023-05-25T18:00:00Z,2023-05-25T08:14:00Z,649.9833333333333,battery voltage,modbus,freqcon,MB198_DC01_01,2,holding_register
,,1,2023-05-25T06:00:00Z,2023-05-25T18:00:00Z,2023-05-25T08:16:00Z,648.4166666666666,battery voltage,modbus,freqcon,MB198_DC01_01,2,holding_register
,,1,2023-05-25T06:00:00Z,2023-05-25T18:00:00Z,2023-05-25T08:18:00Z,646.3833333333334,battery voltage,modbus,freqcon,MB198_DC01_01,2,holding_register
,,1,2023-05-25T06:00:00Z,2023-05-25T18:00:00Z,2023-05-25T08:20:00Z,642.6333333333333,battery voltage,modbus,freqcon,MB198_DC01_01,2,holding_register
,,1,2023-05-25T06:00:00Z,2023-05-25T18:00:00Z,2023-05-25T08:22:00Z,635.8333333333334,battery voltage,modbus,freqcon,MB198_DC01_01,2,holding_register
,,1,2023-05-25T06:00:00Z,2023-05-25T18:00:00Z,2023-05-25T08:24:00Z,635.35,battery voltage,modbus,freqcon,MB198_DC01_01,2,holding_register
,,1,2023-05-25T06:00:00Z,2023-05-25T18:00:00Z,2023-05-25T08:26:00Z,635.8666666666667,battery voltage,modbus,freqcon,MB198_DC01_01,2,holding_register
,,1,2023-05-25T06:00:00Z,2023-05-25T18:00:00Z,2023-05-25T08:28:00Z,641.0833333333334,battery voltage,modbus,freqcon,MB198_DC01_01,2,holding_register
,,1,2023-05-25T06:00:00Z,2023-05-25T18:00:00Z,2023-05-25T08:30:00Z,643.2,battery voltage,modbus,freqcon,MB198_DC01_01,2,holding_register
,,1,2023-05-25T06:00:00Z,2023-05-25T18:00:00Z,2023-05-25T08:32:00Z,645.0166666666668,battery voltage,modbus,freqcon,MB198_DC01_01,2,holding_register
,,1,2023-05-25T06:00:00Z,2023-05-25T18:00:00Z,2023-05-25T08:34:00Z,659.1166666666667,battery voltage,modbus,freqcon,MB198_DC01_01,2,holding_register
,,1,2023-05-25T06:00:00Z,2023-05-25T18:00:00Z,2023-05-25T08:36:00Z,674.9000000000001,battery voltage,modbus,freqcon,MB198_DC01_01,2,holding_register
,,1,2023-05-25T06:00:00Z,2023-05-25T18:00:00Z,2023-05-25T08:38:00Z,682.7666666666668,battery voltage,modbus,freqcon,MB198_DC01_01,2,holding_register
,,1,2023-05-25T06:00:00Z,2023-05-25T18:00:00Z,2023-05-25T08:40:00Z,685.3166666666667,battery voltage,modbus,freqcon,MB198_DC01_01,2,holding_register
,,1,2023-05-25T06:00:00Z,2023-05-25T18:00:00Z,2023-05-25T08:42:00Z,686.9000000000001,battery voltage,modbus,freqcon,MB198_DC01_01,2,holding_register
,,1,2023-05-25T06:00:00Z,2023-05-25T18:00:00Z,2023-05-25T08:44:00Z,687.4166666666669,battery voltage,modbus,freqcon,MB198_DC01_01,2,holding_register
,,1,2023-05-25T06:00:00Z,2023-05-25T18:00:00Z,2023-05-25T08:46:00Z,688.6999999999999,battery voltage,modbus,freqcon,MB198_DC01_01,2,holding_register
,,1,2023-05-25T06:00:00Z,2023-05-25T18:00:00Z,2023-05-25T08:48:00Z,689.8666666666667,battery voltage,modbus,freqcon,MB198_DC01_01,2,holding_register
,,1,2023-05-25T06:00:00Z,2023-05-25T18:00:00Z,2023-05-25T08:50:00Z,691.4666666666667,battery voltage,modbus,freqcon,MB198_DC01_01,2,holding_register
,,1,2023-05-25T06:00:00Z,2023-05-25T18:00:00Z,2023-05-25T08:52:00Z,685.3166666666667,battery voltage,modbus,freqcon,MB198_DC01_01,2,holding_register
,,1,2023-05-25T06:00:00Z,2023-05-25T18:00:00Z,2023-05-25T08:54:00Z,679.9333333333333,battery voltage,modbus,freqcon,MB198_DC01_01,2,holding_register
,,1,2023-05-25T06:00:00Z,2023-05-25T18:00:00Z,2023-05-25T08:56:00Z,681.3000000000001,battery voltage,modbus,freqcon,MB198_DC01_01,2,holding_register
,,1,2023-05-25T06:00:00Z,2023-05-25T18:00:00Z,2023-05-25T08:58:00Z,680.7666666666668,battery voltage,modbus,freqcon,MB198_DC01_01,2,holding_register
,,1,2023-05-25T06:00:00Z,2023-05-25T18:00:00Z,2023-05-25T09:00:00Z,680.7666666666668,battery voltage,modbus,freqcon,MB198_DC01_01,2,holding_register
,,1,2023-05-25T06:00:00Z,2023-05-25T18:00:00Z,2023-05-25T09:02:00Z,680.3000000000001,battery voltage,modbus,freqcon,MB198_DC01_01,2,holding_register
,,1,2023-05-25T06:00:00Z,2023-05-25T18:00:00Z,2023-05-25T09:04:00Z,680.1333333333333,battery voltage,modbus,freqcon,MB198_DC01_01,2,holding_register
,,1,2023-05-25T06:00:00Z,2023-05-25T18:00:00Z,2023-05-25T09:06:00Z,679.9666666666668,battery voltage,modbus,freqcon,MB198_DC01_01,2,holding_register
,,1,2023-05-25T06:00:00Z,2023-05-25T18:00:00Z,2023-05-25T09:08:00Z,679.9166666666666,battery voltage,modbus,freqcon,MB198_DC01_01,2,holding_register
,,1,2023-05-25T06:00:00Z,2023-05-25T18:00:00Z,2023-05-25T09:10:00Z,679.6999999999999,battery voltage,modbus,freqcon,MB198_DC01_01,2,holding_register
,,1,2023-05-25T06:00:00Z,2023-05-25T18:00:00Z,2023-05-25T09:12:00Z,679.55,battery voltage,modbus,freqcon,MB198_DC01_01,2,holding_register
,,1,2023-05-25T06:00:00Z,2023-05-25T18:00:00Z,2023-05-25T09:14:00Z,679.65,battery voltage,modbus,freqcon,MB198_DC01_01,2,holding_register
,,1,2023-05-25T06:00:00Z,2023-05-25T18:00:00Z,2023-05-25T09:16:00Z,679.5,battery voltage,modbus,freqcon,MB198_DC01_01,2,holding_register
,,1,2023-05-25T06:00:00Z,2023-05-25T18:00:00Z,2023-05-25T09:18:00Z,679.5,battery voltage,modbus,freqcon,MB198_DC01_01,2,holding_register
,,1,2023-05-25T06:00:00Z,2023-05-25T18:00:00Z,2023-05-25T09:20:00Z,679.5333333333333,battery voltage,modbus,freqcon,MB198_DC01_01,2,holding_register
,,1,2023-05-25T06:00:00Z,2023-05-25T18:00:00Z,2023-05-25T09:22:00Z,679.75,battery voltage,modbus,freqcon,MB198_DC01_01,2,holding_register
,,1,2023-05-25T06:00:00Z,2023-05-25T18:00:00Z,2023-05-25T09:24:00Z,679.5166666666667,battery voltage,modbus,freqcon,MB198_DC01_01,2,holding_register
,,1,2023-05-25T06:00:00Z,2023-05-25T18:00:00Z,2023-05-25T09:26:00Z,679.5166666666667,battery voltage,modbus,freqcon,MB198_DC01_01,2,holding_register
,,1,2023-05-25T06:00:00Z,2023-05-25T18:00:00Z,2023-05-25T09:28:00Z,679.5,battery voltage,modbus,freqcon,MB198_DC01_01,2,holding_register
,,1,2023-05-25T06:00:00Z,2023-05-25T18:00:00Z,2023-05-25T09:30:00Z,671.8166666666667,battery voltage,modbus,freqcon,MB198_DC01_01,2,holding_register
,,1,2023-05-25T06:00:00Z,2023-05-25T18:00:00Z,2023-05-25T09:32:00Z,669.3333333333334,battery voltage,modbus,freqcon,MB198_DC01_01,2,holding_register
,,1,2023-05-25T06:00:00Z,2023-05-25T18:00:00Z,2023-05-25T09:34:00Z,667.35,battery voltage,modbus,freqcon,MB198_DC01_01,2,holding_register
,,1,2023-05-25T06:00:00Z,2023-05-25T18:00:00Z,2023-05-25T09:36:00Z,665.95,battery voltage,modbus,freqcon,MB198_DC01_01,2,holding_register
,,1,2023-05-25T06:00:00Z,2023-05-25T18:00:00Z,2023-05-25T09:38:00Z,664.6999999999999,battery voltage,modbus,freqcon,MB198_DC01_01,2,holding_register
,,1,2023-05-25T06:00:00Z,2023-05-25T18:00:00Z,2023-05-25T09:40:00Z,663.3333333333334,battery voltage,modbus,freqcon,MB198_DC01_01,2,holding_register
,,1,2023-05-25T06:00:00Z,2023-05-25T18:00:00Z,2023-05-25T09:42:00Z,662.5833333333334,battery voltage,modbus,freqcon,MB198_DC01_01,2,holding_register
,,1,2023-05-25T06:00:00Z,2023-05-25T18:00:00Z,2023-05-25T09:44:00Z,659.6500000000001,battery voltage,modbus,freqcon,MB198_DC01_01,2,holding_register
,,1,2023-05-25T06:00:00Z,2023-05-25T18:00:00Z,2023-05-25T09:46:00Z,659.1666666666666,battery voltage,modbus,freqcon,MB198_DC01_01,2,holding_register
,,1,2023-05-25T06:00:00Z,2023-05-25T18:00:00Z,2023-05-25T09:48:00Z,658.3166666666667,battery voltage,modbus,freqcon,MB198_DC01_01,2,holding_register
,,1,2023-05-25T06:00:00Z,2023-05-25T18:00:00Z,2023-05-25T09:50:00Z,657.4000000000001,battery voltage,modbus,freqcon,MB198_DC01_01,2,holding_register
,,1,2023-05-25T06:00:00Z,2023-05-25T18:00:00Z,2023-05-25T09:52:00Z,662.3000000000001,battery voltage,modbus,freqcon,MB198_DC01_01,2,holding_register
,,1,2023-05-25T06:00:00Z,2023-05-25T18:00:00Z,2023-05-25T09:54:00Z,668.4833333333333,battery voltage,modbus,freqcon,MB198_DC01_01,2,holding_register
,,1,2023-05-25T06:00:00Z,2023-05-25T18:00:00Z,2023-05-25T09:56:00Z,668.5,battery voltage,modbus,freqcon,MB198_DC01_01,2,holding_register
,,1,2023-05-25T06:00:00Z,2023-05-25T18:00:00Z,2023-05-25T09:58:00Z,668.6666666666666,battery voltage,modbus,freqcon,MB198_DC01_01,2,holding_register
,,1,2023-05-25T06:00:00Z,2023-05-25T18:00:00Z,2023-05-25T10:00:00Z,669.2833333333334,battery voltage,modbus,freqcon,MB198_DC01_01,2,holding_register
,,1,2023-05-25T06:00:00Z,2023-05-25T18:00:00Z,2023-05-25T10:02:00Z,669.3333333333334,battery voltage,modbus,freqcon,MB198_DC01_01,2,holding_register
,,1,2023-05-25T06:00:00Z,2023-05-25T18:00:00Z,2023-05-25T10:04:00Z,670.1,battery voltage,modbus,freqcon,MB198_DC01_01,2,holding_register
,,1,2023-05-25T06:00:00Z,2023-05-25T18:00:00Z,2023-05-25T10:06:00Z,670.1,battery voltage,modbus,freqcon,MB198_DC01_01,2,holding_register
,,1,2023-05-25T06:00:00Z,2023-05-25T18:00:00Z,2023-05-25T10:08:00Z,670.0833333333335,battery voltage,modbus,freqcon,MB198_DC01_01,2,holding_register
,,1,2023-05-25T06:00:00Z,2023-05-25T18:00:00Z,2023-05-25T10:10:00Z,670.3000000000001,battery voltage,modbus,freqcon,MB198_DC01_01,2,holding_register
,,1,2023-05-25T06:00:00Z,2023-05-25T18:00:00Z,2023-05-25T10:12:00Z,670.3000000000001,battery voltage,modbus,freqcon,MB198_DC01_01,2,holding_register
,,1,2023-05-25T06:00:00Z,2023-05-25T18:00:00Z,2023-05-25T10:14:00Z,670.3000000000001,battery voltage,modbus,freqcon,MB198_DC01_01,2,holding_register
,,1,2023-05-25T06:00:00Z,2023-05-25T18:00:00Z,2023-05-25T10:16:00Z,670.3000000000001,battery voltage,modbus,freqcon,MB198_DC01_01,2,holding_register
,,1,2023-05-25T06:00:00Z,2023-05-25T18:00:00Z,2023-05-25T10:18:00Z,670.3000000000001,battery voltage,modbus,freqcon,MB198_DC01_01,2,holding_register
,,1,2023-05-25T06:00:00Z,2023-05-25T18:00:00Z,2023-05-25T10:20:00Z,670.2833333333334,battery voltage,modbus,freqcon,MB198_DC01_01,2,holding_register
,,1,2023-05-25T06:00:00Z,2023-05-25T18:00:00Z,2023-05-25T10:22:00Z,670.3000000000001,battery voltage,modbus,freqcon,MB198_DC01_01,2,holding_register
,,1,2023-05-25T06:00:00Z,2023-05-25T18:00:00Z,2023-05-25T10:24:00Z,670.2500000000001,battery voltage,modbus,freqcon,MB198_DC01_01,2,holding_register
,,1,2023-05-25T06:00:00Z,2023-05-25T18:00:00Z,2023-05-25T10:26:00Z,670.3000000000001,battery voltage,modbus,freqcon,MB198_DC01_01,2,holding_register
,,1,2023-05-25T06:00:00Z,2023-05-25T18:00:00Z,2023-05-25T10:28:00Z,668.5333333333333,battery voltage,modbus,freqcon,MB198_DC01_01,2,holding_register
,,1,2023-05-25T06:00:00Z,2023-05-25T18:00:00Z,2023-05-25T10:30:00Z,668.65,battery voltage,modbus,freqcon,MB198_DC01_01,2,holding_register
,,1,2023-05-25T06:00:00Z,2023-05-25T18:00:00Z,2023-05-25T10:32:00Z,668.5,battery voltage,modbus,freqcon,MB198_DC01_01,2,holding_register
,,1,2023-05-25T06:00:00Z,2023-05-25T18:00:00Z,2023-05-25T10:34:00Z,668.7833333333333,battery voltage,modbus,freqcon,MB198_DC01_01,2,holding_register
,,1,2023-05-25T06:00:00Z,2023-05-25T18:00:00Z,2023-05-25T10:36:00Z,668.5666666666667,battery voltage,modbus,freqcon,MB198_DC01_01,2,holding_register
,,1,2023-05-25T06:00:00Z,2023-05-25T18:00:00Z,2023-05-25T10:38:00Z,668.7833333333333,battery voltage,modbus,freqcon,MB198_DC01_01,2,holding_register
,,1,2023-05-25T06:00:00Z,2023-05-25T18:00:00Z,2023-05-25T10:40:00Z,668.5166666666667,battery voltage,modbus,freqcon,MB198_DC01_01,2,holding_register
,,1,2023-05-25T06:00:00Z,2023-05-25T18:00:00Z,2023-05-25T10:42:00Z,669.6000000000001,battery voltage,modbus,freqcon,MB198_DC01_01,2,holding_register
,,1,2023-05-25T06:00:00Z,2023-05-25T18:00:00Z,2023-05-25T11:04:00Z,668.6,battery voltage,modbus,freqcon,MB198_DC01_01,2,holding_register
,,1,2023-05-25T06:00:00Z,2023-05-25T18:00:00Z,2023-05-25T11:06:00Z,668.5333333333333,battery voltage,modbus,freqcon,MB198_DC01_01,2,holding_register
,,1,2023-05-25T06:00:00Z,2023-05-25T18:00:00Z,2023-05-25T11:08:00Z,676.6,battery voltage,modbus,freqcon,MB198_DC01_01,2,holding_register
,,1,2023-05-25T06:00:00Z,2023-05-25T18:00:00Z,2023-05-25T11:10:00Z,686.8833333333333,battery voltage,modbus,freqcon,MB198_DC01_01,2,holding_register
,,1,2023-05-25T06:00:00Z,2023-05-25T18:00:00Z,2023-05-25T11:12:00Z,688.5,battery voltage,modbus,freqcon,MB198_DC01_01,2,holding_register
,,1,2023-05-25T06:00:00Z,2023-05-25T18:00:00Z,2023-05-25T11:14:00Z,688.9833333333332,battery voltage,modbus,freqcon,MB198_DC01_01,2,holding_register
,,1,2023-05-25T06:00:00Z,2023-05-25T18:00:00Z,2023-05-25T11:16:00Z,690.5666666666666,battery voltage,modbus,freqcon,MB198_DC01_01,2,holding_register
,,1,2023-05-25T06:00:00Z,2023-05-25T18:00:00Z,2023-05-25T11:18:00Z,691.8666666666668,battery voltage,modbus,freqcon,MB198_DC01_01,2,holding_register
,,1,2023-05-25T06:00:00Z,2023-05-25T18:00:00Z,2023-05-25T11:20:00Z,693.85,battery voltage,modbus,freqcon,MB198_DC01_01,2,holding_register
,,1,2023-05-25T06:00:00Z,2023-05-25T18:00:00Z,2023-05-25T11:22:00Z,695.4,battery voltage,modbus,freqcon,MB198_DC01_01,2,holding_register
,,1,2023-05-25T06:00:00Z,2023-05-25T18:00:00Z,2023-05-25T11:24:00Z,696.8166666666667,battery voltage,modbus,freqcon,MB198_DC01_01,2,holding_register
,,1,2023-05-25T06:00:00Z,2023-05-25T18:00:00Z,2023-05-25T11:26:00Z,698.1166666666667,battery voltage,modbus,freqcon,MB198_DC01_01,2,holding_register
,,1,2023-05-25T06:00:00Z,2023-05-25T18:00:00Z,2023-05-25T11:28:00Z,699.6333333333333,battery voltage,modbus,freqcon,MB198_DC01_01,2,holding_register
,,1,2023-05-25T06:00:00Z,2023-05-25T18:00:00Z,2023-05-25T11:30:00Z,700.4333333333334,battery voltage,modbus,freqcon,MB198_DC01_01,2,holding_register
,,1,2023-05-25T06:00:00Z,2023-05-25T18:00:00Z,2023-05-25T11:32:00Z,701.6999999999999,battery voltage,modbus,freqcon,MB198_DC01_01,2,holding_register
,,1,2023-05-25T06:00:00Z,2023-05-25T18:00:00Z,2023-05-25T11:34:00Z,702.0499999999998,battery voltage,modbus,freqcon,MB198_DC01_01,2,holding_register
,,1,2023-05-25T06:00:00Z,2023-05-25T18:00:00Z,2023-05-25T11:36:00Z,703.35,battery voltage,modbus,freqcon,MB198_DC01_01,2,holding_register
,,1,2023-05-25T06:00:00Z,2023-05-25T18:00:00Z,2023-05-25T11:38:00Z,703.5,battery voltage,modbus,freqcon,MB198_DC01_01,2,holding_register
,,1,2023-05-25T06:00:00Z,2023-05-25T18:00:00Z,2023-05-25T11:40:00Z,703.5,battery voltage,modbus,freqcon,MB198_DC01_01,2,holding_register
,,1,2023-05-25T06:00:00Z,2023-05-25T18:00:00Z,2023-05-25T11:42:00Z,703.6166666666667,battery voltage,modbus,freqcon,MB198_DC01_01,2,holding_register
,,1,2023-05-25T06:00:00Z,2023-05-25T18:00:00Z,2023-05-25T11:44:00Z,704.1999999999999,battery voltage,modbus,freqcon,MB198_DC01_01,2,holding_register
,,1,2023-05-25T06:00:00Z,2023-05-25T18:00:00Z,2023-05-25T11:46:00Z,704.9833333333335,battery voltage,modbus,freqcon,MB198_DC01_01,2,holding_register
,,1,2023-05-25T06:00:00Z,2023-05-25T18:00:00Z,2023-05-25T11:48:00Z,704.65,battery voltage,modbus,freqcon,MB198_DC01_01,2,holding_register
,,1,2023-05-25T06:00:00Z,2023-05-25T18:00:00Z,2023-05-25T11:50:00Z,704.9666666666667,battery voltage,modbus,freqcon,MB198_DC01_01,2,holding_register
,,1,2023-05-25T06:00:00Z,2023-05-25T18:00:00Z,2023-05-25T11:52:00Z,705.2833333333334,battery voltage,modbus,freqcon,MB198_DC01_01,2,holding_register
,,1,2023-05-25T06:00:00Z,2023-05-25T18:00:00Z,2023-05-25T11:54:00Z,705.2333333333335,battery voltage,modbus,freqcon,MB198_DC01_01,2,holding_register
,,1,2023-05-25T06:00:00Z,2023-05-25T18:00:00Z,2023-05-25T11:56:00Z,705.3666666666668,battery voltage,modbus,freqcon,MB198_DC01_01,2,holding_register
,,1,2023-05-25T06:00:00Z,2023-05-25T18:00:00Z,2023-05-25T11:58:00Z,705.4000000000001,battery voltage,modbus,freqcon,MB198_DC01_01,2,holding_register
,,1,2023-05-25T06:00:00Z,2023-05-25T18:00:00Z,2023-05-25T12:00:00Z,705.4000000000001,battery voltage,modbus,freqcon,MB198_DC01_01,2,holding_register
,,1,2023-05-25T06:00:00Z,2023-05-25T18:00:00Z,2023-05-25T12:02:00Z,705.4000000000001,battery voltage,modbus,freqcon,MB198_DC01_01,2,holding_register
,,1,2023-05-25T06:00:00Z,2023-05-25T18:00:00Z,2023-05-25T12:04:00Z,705.4000000000001,battery voltage,modbus,freqcon,MB198_DC01_01,2,holding_register
,,1,2023-05-25T06:00:00Z,2023-05-25T18:00:00Z,2023-05-25T12:06:00Z,705.4000000000001,battery voltage,modbus,freqcon,MB198_DC01_01,2,holding_register
,,1,2023-05-25T06:00:00Z,2023-05-25T18:00:00Z,2023-05-25T12:08:00Z,705.4000000000001,battery voltage,modbus,freqcon,MB198_DC01_01,2,holding_register
,,1,2023-05-25T06:00:00Z,2023-05-25T18:00:00Z,2023-05-25T12:10:00Z,705.4500000000002,battery voltage,modbus,freqcon,MB198_DC01_01,2,holding_register
,,1,2023-05-25T06:00:00Z,2023-05-25T18:00:00Z,2023-05-25T12:12:00Z,705.7833333333334,battery voltage,modbus,freqcon,MB198_DC01_01,2,holding_register
,,1,2023-05-25T06:00:00Z,2023-05-25T18:00:00Z,2023-05-25T12:14:00Z,706.4499999999999,battery voltage,modbus,freqcon,MB198_DC01_01,2,holding_register
,,1,2023-05-25T06:00:00Z,2023-05-25T18:00:00Z,2023-05-25T12:16:00Z,707.0833333333334,battery voltage,modbus,freqcon,MB198_DC01_01,2,holding_register
,,1,2023-05-25T06:00:00Z,2023-05-25T18:00:00Z,2023-05-25T12:18:00Z,707.1999999999999,battery voltage,modbus,freqcon,MB198_DC01_01,2,holding_register
,,1,2023-05-25T06:00:00Z,2023-05-25T18:00:00Z,2023-05-25T12:20:00Z,707.1999999999999,battery voltage,modbus,freqcon,MB198_DC01_01,2,holding_register
,,1,2023-05-25T06:00:00Z,2023-05-25T18:00:00Z,2023-05-25T12:22:00Z,707.4500000000002,battery voltage,modbus,freqcon,MB198_DC01_01,2,holding_register
,,1,2023-05-25T06:00:00Z,2023-05-25T18:00:00Z,2023-05-25T12:24:00Z,708.6666666666666,battery voltage,modbus,freqcon,MB198_DC01_01,2,holding_register
,,1,2023-05-25T06:00:00Z,2023-05-25T18:00:00Z,2023-05-25T12:26:00Z,708.85,battery voltage,modbus,freqcon,MB198_DC01_01,2,holding_register
,,1,2023-05-25T06:00:00Z,2023-05-25T18:00:00Z,2023-05-25T12:28:00Z,709.0833333333334,battery voltage,modbus,freqcon,MB198_DC01_01,2,holding_register
,,1,2023-05-25T06:00:00Z,2023-05-25T18:00:00Z,2023-05-25T12:30:00Z,709.8333333333334,battery voltage,modbus,freqcon,MB198_DC01_01,2,holding_register
,,1,2023-05-25T06:00:00Z,2023-05-25T18:00:00Z,2023-05-25T12:32:00Z,710.5500000000002,battery voltage,modbus,freqcon,MB198_DC01_01,2,holding_register
,,1,2023-05-25T06:00:00Z,2023-05-25T18:00:00Z,2023-05-25T12:34:00Z,710.9000000000001,battery voltage,modbus,freqcon,MB198_DC01_01,2,holding_register
,,1,2023-05-25T06:00:00Z,2023-05-25T18:00:00Z,2023-05-25T12:36:00Z,710.9000000000001,battery voltage,modbus,freqcon,MB198_DC01_01,2,holding_register
,,1,2023-05-25T06:00:00Z,2023-05-25T18:00:00Z,2023-05-25T12:38:00Z,710.9000000000001,battery voltage,modbus,freqcon,MB198_DC01_01,2,holding_register
,,1,2023-05-25T06:00:00Z,2023-05-25T18:00:00Z,2023-05-25T12:40:00Z,710.9000000000001,battery voltage,modbus,freqcon,MB198_DC01_01,2,holding_register
,,1,2023-05-25T06:00:00Z,2023-05-25T18:00:00Z,2023-05-25T12:42:00Z,711.1,battery voltage,modbus,freqcon,MB198_DC01_01,2,holding_register
,,1,2023-05-25T06:00:00Z,2023-05-25T18:00:00Z,2023-05-25T12:44:00Z,711.7333333333335,battery voltage,modbus,freqcon,MB198_DC01_01,2,holding_register
,,1,2023-05-25T06:00:00Z,2023-05-25T18:00:00Z,2023-05-25T12:46:00Z,712.15,battery voltage,modbus,freqcon,MB198_DC01_01,2,holding_register
,,1,2023-05-25T06:00:00Z,2023-05-25T18:00:00Z,2023-05-25T12:48:00Z,712.7833333333334,battery voltage,modbus,freqcon,MB198_DC01_01,2,holding_register
,,1,2023-05-25T06:00:00Z,2023-05-25T18:00:00Z,2023-05-25T12:50:00Z,712.7666666666668,battery voltage,modbus,freqcon,MB198_DC01_01,2,holding_register
,,1,2023-05-25T06:00:00Z,2023-05-25T18:00:00Z,2023-05-25T12:52:00Z,712.8000000000001,battery voltage,modbus,freqcon,MB198_DC01_01,2,holding_register
,,1,2023-05-25T06:00:00Z,2023-05-25T18:00:00Z,2023-05-25T12:54:00Z,712.8000000000001,battery voltage,modbus,freqcon,MB198_DC01_01,2,holding_register
,,1,2023-05-25T06:00:00Z,2023-05-25T18:00:00Z,2023-05-25T12:56:00Z,712.8000000000001,battery voltage,modbus,freqcon,MB198_DC01_01,2,holding_register
,,1,2023-05-25T06:00:00Z,2023-05-25T18:00:00Z,2023-05-25T12:58:00Z,712.8000000000001,battery voltage,modbus,freqcon,MB198_DC01_01,2,holding_register
,,1,2023-05-25T06:00:00Z,2023-05-25T18:00:00Z,2023-05-25T13:00:00Z,713.2666666666668,battery voltage,modbus,freqcon,MB198_DC01_01,2,holding_register
,,1,2023-05-25T06:00:00Z,2023-05-25T18:00:00Z,2023-05-25T13:02:00Z,713.9666666666667,battery voltage,modbus,freqcon,MB198_DC01_01,2,holding_register
,,1,2023-05-25T06:00:00Z,2023-05-25T18:00:00Z,2023-05-25T13:04:00Z,714.5833333333334,battery voltage,modbus,freqcon,MB198_DC01_01,2,holding_register
,,1,2023-05-25T06:00:00Z,2023-05-25T18:00:00Z,2023-05-25T13:06:00Z,714.6,battery voltage,modbus,freqcon,MB198_DC01_01,2,holding_register
,,1,2023-05-25T06:00:00Z,2023-05-25T18:00:00Z,2023-05-25T13:08:00Z,714.6166666666667,battery voltage,modbus,freqcon,MB198_DC01_01,2,holding_register
,,1,2023-05-25T06:00:00Z,2023-05-25T18:00:00Z,2023-05-25T13:10:00Z,716.0333333333334,battery voltage,modbus,freqcon,MB198_DC01_01,2,holding_register
,,1,2023-05-25T06:00:00Z,2023-05-25T18:00:00Z,2023-05-25T13:12:00Z,711.8166666666667,battery voltage,modbus,freqcon,MB198_DC01_01,2,holding_register
,,1,2023-05-25T06:00:00Z,2023-05-25T18:00:00Z,2023-05-25T13:14:00Z,710.8166666666667,battery voltage,modbus,freqcon,MB198_DC01_01,2,holding_register
,,1,2023-05-25T06:00:00Z,2023-05-25T18:00:00Z,2023-05-25T13:16:00Z,705.3333333333334,battery voltage,modbus,freqcon,MB198_DC01_01,2,holding_register
,,1,2023-05-25T06:00:00Z,2023-05-25T18:00:00Z,2023-05-25T13:18:00Z,700.7833333333333,battery voltage,modbus,freqcon,MB198_DC01_01,2,holding_register
,,1,2023-05-25T06:00:00Z,2023-05-25T18:00:00Z,2023-05-25T13:20:00Z,699.8000000000001,battery voltage,modbus,freqcon,MB198_DC01_01,2,holding_register
,,1,2023-05-25T06:00:00Z,2023-05-25T18:00:00Z,2023-05-25T13:22:00Z,699.8000000000001,battery voltage,modbus,freqcon,MB198_DC01_01,2,holding_register
,,1,2023-05-25T06:00:00Z,2023-05-25T18:00:00Z,2023-05-25T13:24:00Z,699.8000000000001,battery voltage,modbus,freqcon,MB198_DC01_01,2,holding_register
,,1,2023-05-25T06:00:00Z,2023-05-25T18:00:00Z,2023-05-25T13:26:00Z,699.8000000000001,battery voltage,modbus,freqcon,MB198_DC01_01,2,holding_register
,,1,2023-05-25T06:00:00Z,2023-05-25T18:00:00Z,2023-05-25T13:28:00Z,699.8000000000001,battery voltage,modbus,freqcon,MB198_DC01_01,2,holding_register
,,1,2023-05-25T06:00:00Z,2023-05-25T18:00:00Z,2023-05-25T13:30:00Z,699,battery voltage,modbus,freqcon,MB198_DC01_01,2,holding_register
,,1,2023-05-25T06:00:00Z,2023-05-25T18:00:00Z,2023-05-25T13:32:00Z,698.5,battery voltage,modbus,freqcon,MB198_DC01_01,2,holding_register
,,1,2023-05-25T06:00:00Z,2023-05-25T18:00:00Z,2023-05-25T13:34:00Z,698,battery voltage,modbus,freqcon,MB198_DC01_01,2,holding_register
,,1,2023-05-25T06:00:00Z,2023-05-25T18:00:00Z,2023-05-25T13:36:00Z,698.0166666666668,battery voltage,modbus,freqcon,MB198_DC01_01,2,holding_register
,,1,2023-05-25T06:00:00Z,2023-05-25T18:00:00Z,2023-05-25T13:38:00Z,698,battery voltage,modbus,freqcon,MB198_DC01_01,2,holding_register
,,1,2023-05-25T06:00:00Z,2023-05-25T18:00:00Z,2023-05-25T13:40:00Z,698,battery voltage,modbus,freqcon,MB198_DC01_01,2,holding_register
,,1,2023-05-25T06:00:00Z,2023-05-25T18:00:00Z,2023-05-25T13:42:00Z,698,battery voltage,modbus,freqcon,MB198_DC01_01,2,holding_register
,,1,2023-05-25T06:00:00Z,2023-05-25T18:00:00Z,2023-05-25T13:44:00Z,698.8166666666667,battery voltage,modbus,freqcon,MB198_DC01_01,2,holding_register
,,1,2023-05-25T06:00:00Z,2023-05-25T18:00:00Z,2023-05-25T13:46:00Z,699.3833333333336,battery voltage,modbus,freqcon,MB198_DC01_01,2,holding_register
,,1,2023-05-25T06:00:00Z,2023-05-25T18:00:00Z,2023-05-25T13:48:00Z,698.85,battery voltage,modbus,freqcon,MB198_DC01_01,2,holding_register
,,1,2023-05-25T06:00:00Z,2023-05-25T18:00:00Z,2023-05-25T13:50:00Z,698.8833333333333,battery voltage,modbus,freqcon,MB198_DC01_01,2,holding_register
,,1,2023-05-25T06:00:00Z,2023-05-25T18:00:00Z,2023-05-25T13:52:00Z,698,battery voltage,modbus,freqcon,MB198_DC01_01,2,holding_register
,,1,2023-05-25T06:00:00Z,2023-05-25T18:00:00Z,2023-05-25T13:54:00Z,697.3000000000001,battery voltage,modbus,freqcon,MB198_DC01_01,2,holding_register
,,1,2023-05-25T06:00:00Z,2023-05-25T18:00:00Z,2023-05-25T13:56:00Z,696.6833333333334,battery voltage,modbus,freqcon,MB198_DC01_01,2,holding_register
,,1,2023-05-25T06:00:00Z,2023-05-25T18:00:00Z,2023-05-25T13:58:00Z,696.1999999999999,battery voltage,modbus,freqcon,MB198_DC01_01,2,holding_register
,,1,2023-05-25T06:00:00Z,2023-05-25T18:00:00Z,2023-05-25T14:00:00Z,697.4499999999999,battery voltage,modbus,freqcon,MB198_DC01_01,2,holding_register
,,1,2023-05-25T06:00:00Z,2023-05-25T18:00:00Z,2023-05-25T14:02:00Z,698,battery voltage,modbus,freqcon,MB198_DC01_01,2,holding_register
,,1,2023-05-25T06:00:00Z,2023-05-25T18:00:00Z,2023-05-25T14:04:00Z,698,battery voltage,modbus,freqcon,MB198_DC01_01,2,holding_register
,,1,2023-05-25T06:00:00Z,2023-05-25T18:00:00Z,2023-05-25T14:06:00Z,698,battery voltage,modbus,freqcon,MB198_DC01_01,2,holding_register
,,1,2023-05-25T06:00:00Z,2023-05-25T18:00:00Z,2023-05-25T14:08:00Z,698.35,battery voltage,modbus,freqcon,MB198_DC01_01,2,holding_register
,,1,2023-05-25T06:00:00Z,2023-05-25T18:00:00Z,2023-05-25T14:10:00Z,698.1999999999999,battery voltage,modbus,freqcon,MB198_DC01_01,2,holding_register
,,1,2023-05-25T06:00:00Z,2023-05-25T18:00:00Z,2023-05-25T14:12:00Z,698,battery voltage,modbus,freqcon,MB198_DC01_01,2,holding_register
,,1,2023-05-25T06:00:00Z,2023-05-25T18:00:00Z,2023-05-25T14:14:00Z,698,battery voltage,modbus,freqcon,MB198_DC01_01,2,holding_register
,,1,2023-05-25T06:00:00Z,2023-05-25T18:00:00Z,2023-05-25T14:16:00Z,698,battery voltage,modbus,freqcon,MB198_DC01_01,2,holding_register
,,1,2023-05-25T06:00:00Z,2023-05-25T18:00:00Z,2023-05-25T14:18:00Z,696.15,battery voltage,modbus,freqcon,MB198_DC01_01,2,holding_register
,,1,2023-05-25T06:00:00Z,2023-05-25T18:00:00Z,2023-05-25T14:20:00Z,685.3333333333335,battery voltage,modbus,freqcon,MB198_DC01_01,2,holding_register
,,1,2023-05-25T06:00:00Z,2023-05-25T18:00:00Z,2023-05-25T14:22:00Z,682.0500000000001,battery voltage,modbus,freqcon,MB198_DC01_01,2,holding_register
,,1,2023-05-25T06:00:00Z,2023-05-25T18:00:00Z,2023-05-25T14:24:00Z,682.6666666666666,battery voltage,modbus,freqcon,MB198_DC01_01,2,holding_register
,,1,2023-05-25T06:00:00Z,2023-05-25T18:00:00Z,2023-05-25T14:26:00Z,682.35,battery voltage,modbus,freqcon,MB198_DC01_01,2,holding_register
,,1,2023-05-25T06:00:00Z,2023-05-25T18:00:00Z,2023-05-25T14:28:00Z,681.85,battery voltage,modbus,freqcon,MB198_DC01_01,2,holding_register
,,1,2023-05-25T06:00:00Z,2023-05-25T18:00:00Z,2023-05-25T14:30:00Z,682.0000000000001,battery voltage,modbus,freqcon,MB198_DC01_01,2,holding_register
,,1,2023-05-25T06:00:00Z,2023-05-25T18:00:00Z,2023-05-25T14:32:00Z,692.1333333333336,battery voltage,modbus,freqcon,MB198_DC01_01,2,holding_register
,,1,2023-05-25T06:00:00Z,2023-05-25T18:00:00Z,2023-05-25T14:34:00Z,696.3333333333335,battery voltage,modbus,freqcon,MB198_DC01_01,2,holding_register
,,1,2023-05-25T06:00:00Z,2023-05-25T18:00:00Z,2023-05-25T14:36:00Z,696.1,battery voltage,modbus,freqcon,MB198_DC01_01,2,holding_register
,,1,2023-05-25T06:00:00Z,2023-05-25T18:00:00Z,2023-05-25T14:38:00Z,695.8000000000001,battery voltage,modbus,freqcon,MB198_DC01_01,2,holding_register
,,1,2023-05-25T06:00:00Z,2023-05-25T18:00:00Z,2023-05-25T14:40:00Z,696.0333333333333,battery voltage,modbus,freqcon,MB198_DC01_01,2,holding_register
,,1,2023-05-25T06:00:00Z,2023-05-25T18:00:00Z,2023-05-25T14:42:00Z,696.1999999999999,battery voltage,modbus,freqcon,MB198_DC01_01,2,holding_register
,,1,2023-05-25T06:00:00Z,2023-05-25T18:00:00Z,2023-05-25T14:44:00Z,696.0833333333334,battery voltage,modbus,freqcon,MB198_DC01_01,2,holding_register
,,1,2023-05-25T06:00:00Z,2023-05-25T18:00:00Z,2023-05-25T14:46:00Z,696.1999999999999,battery voltage,modbus,freqcon,MB198_DC01_01,2,holding_register
,,1,2023-05-25T06:00:00Z,2023-05-25T18:00:00Z,2023-05-25T14:48:00Z,696.5,battery voltage,modbus,freqcon,MB198_DC01_01,2,holding_register
,,1,2023-05-25T06:00:00Z,2023-05-25T18:00:00Z,2023-05-25T14:50:00Z,698,battery voltage,modbus,freqcon,MB198_DC01_01,2,holding_register
,,1,2023-05-25T06:00:00Z,2023-05-25T18:00:00Z,2023-05-25T14:52:00Z,698,battery voltage,modbus,freqcon,MB198_DC01_01,2,holding_register
,,1,2023-05-25T06:00:00Z,2023-05-25T18:00:00Z,2023-05-25T14:54:00Z,698,battery voltage,modbus,freqcon,MB198_DC01_01,2,holding_register
,,1,2023-05-25T06:00:00Z,2023-05-25T18:00:00Z,2023-05-25T14:56:00Z,698,battery voltage,modbus,freqcon,MB198_DC01_01,2,holding_register
,,1,2023-05-25T06:00:00Z,2023-05-25T18:00:00Z,2023-05-25T14:58:00Z,698,battery voltage,modbus,freqcon,MB198_DC01_01,2,holding_register
,,1,2023-05-25T06:00:00Z,2023-05-25T18:00:00Z,2023-05-25T15:00:00Z,698,battery voltage,modbus,freqcon,MB198_DC01_01,2,holding_register
,,1,2023-05-25T06:00:00Z,2023-05-25T18:00:00Z,2023-05-25T15:02:00Z,698,battery voltage,modbus,freqcon,MB198_DC01_01,2,holding_register
,,1,2023-05-25T06:00:00Z,2023-05-25T18:00:00Z,2023-05-25T15:04:00Z,698,battery voltage,modbus,freqcon,MB198_DC01_01,2,holding_register
,,1,2023-05-25T06:00:00Z,2023-05-25T18:00:00Z,2023-05-25T15:06:00Z,698,battery voltage,modbus,freqcon,MB198_DC01_01,2,holding_register
,,1,2023-05-25T06:00:00Z,2023-05-25T18:00:00Z,2023-05-25T15:08:00Z,698,battery voltage,modbus,freqcon,MB198_DC01_01,2,holding_register
,,1,2023-05-25T06:00:00Z,2023-05-25T18:00:00Z,2023-05-25T15:10:00Z,698,battery voltage,modbus,freqcon,MB198_DC01_01,2,holding_register
,,1,2023-05-25T06:00:00Z,2023-05-25T18:00:00Z,2023-05-25T15:12:00Z,698,battery voltage,modbus,freqcon,MB198_DC01_01,2,holding_register
,,1,2023-05-25T06:00:00Z,2023-05-25T18:00:00Z,2023-05-25T15:14:00Z,698,battery voltage,modbus,freqcon,MB198_DC01_01,2,holding_register
,,1,2023-05-25T06:00:00Z,2023-05-25T18:00:00Z,2023-05-25T15:16:00Z,698,battery voltage,modbus,freqcon,MB198_DC01_01,2,holding_register
,,1,2023-05-25T06:00:00Z,2023-05-25T18:00:00Z,2023-05-25T15:18:00Z,697.9833333333332,battery voltage,modbus,freqcon,MB198_DC01_01,2,holding_register
,,1,2023-05-25T06:00:00Z,2023-05-25T18:00:00Z,2023-05-25T15:54:00Z,698,battery voltage,modbus,freqcon,MB198_DC01_01,2,holding_register
,,1,2023-05-25T06:00:00Z,2023-05-25T18:00:00Z,2023-05-25T15:56:00Z,698,battery voltage,modbus,freqcon,MB198_DC01_01,2,holding_register
,,1,2023-05-25T06:00:00Z,2023-05-25T18:00:00Z,2023-05-25T15:58:00Z,698,battery voltage,modbus,freqcon,MB198_DC01_01,2,holding_register
,,1,2023-05-25T06:00:00Z,2023-05-25T18:00:00Z,2023-05-25T16:00:00Z,698,battery voltage,modbus,freqcon,MB198_DC01_01,2,holding_register
,,1,2023-05-25T06:00:00Z,2023-05-25T18:00:00Z,2023-05-25T16:02:00Z,698,battery voltage,modbus,freqcon,MB198_DC01_01,2,holding_register
,,1,2023-05-25T06:00:00Z,2023-05-25T18:00:00Z,2023-05-25T16:04:00Z,697.3666666666667,battery voltage,modbus,freqcon,MB198_DC01_01,2,holding_register
,,1,2023-05-25T06:00:00Z,2023-05-25T18:00:00Z,2023-05-25T16:06:00Z,697.6500000000001,battery voltage,modbus,freqcon,MB198_DC01_01,2,holding_register
,,1,2023-05-25T06:00:00Z,2023-05-25T18:00:00Z,2023-05-25T16:08:00Z,697.7833333333333,battery voltage,modbus,freqcon,MB198_DC01_01,2,holding_register
,,1,2023-05-25T06:00:00Z,2023-05-25T18:00:00Z,2023-05-25T16:10:00Z,698,battery voltage,modbus,freqcon,MB198_DC01_01,2,holding_register
,,1,2023-05-25T06:00:00Z,2023-05-25T18:00:00Z,2023-05-25T16:12:00Z,698,battery voltage,modbus,freqcon,MB198_DC01_01,2,holding_register
,,1,2023-05-25T06:00:00Z,2023-05-25T18:00:00Z,2023-05-25T16:14:00Z,697.6,battery voltage,modbus,freqcon,MB198_DC01_01,2,holding_register
,,1,2023-05-25T06:00:00Z,2023-05-25T18:00:00Z,2023-05-25T16:16:00Z,697.5666666666667,battery voltage,modbus,freqcon,MB198_DC01_01,2,holding_register
,,1,2023-05-25T06:00:00Z,2023-05-25T18:00:00Z,2023-05-25T16:18:00Z,696.9833333333335,battery voltage,modbus,freqcon,MB198_DC01_01,2,holding_register
,,1,2023-05-25T06:00:00Z,2023-05-25T18:00:00Z,2023-05-25T16:20:00Z,696.5333333333334,battery voltage,modbus,freqcon,MB198_DC01_01,2,holding_register
,,1,2023-05-25T06:00:00Z,2023-05-25T18:00:00Z,2023-05-25T16:22:00Z,697.65,battery voltage,modbus,freqcon,MB198_DC01_01,2,holding_register
,,1,2023-05-25T06:00:00Z,2023-05-25T18:00:00Z,2023-05-25T16:24:00Z,698,battery voltage,modbus,freqcon,MB198_DC01_01,2,holding_register
,,1,2023-05-25T06:00:00Z,2023-05-25T18:00:00Z,2023-05-25T16:26:00Z,698,battery voltage,modbus,freqcon,MB198_DC01_01,2,holding_register
,,1,2023-05-25T06:00:00Z,2023-05-25T18:00:00Z,2023-05-25T16:28:00Z,698,battery voltage,modbus,freqcon,MB198_DC01_01,2,holding_register
,,1,2023-05-25T06:00:00Z,2023-05-25T18:00:00Z,2023-05-25T16:30:00Z,698,battery voltage,modbus,freqcon,MB198_DC01_01,2,holding_register
,,1,2023-05-25T06:00:00Z,2023-05-25T18:00:00Z,2023-05-25T16:32:00Z,697.5666666666667,battery voltage,modbus,freqcon,MB198_DC01_01,2,holding_register
,,1,2023-05-25T06:00:00Z,2023-05-25T18:00:00Z,2023-05-25T16:34:00Z,697.25,battery voltage,modbus,freqcon,MB198_DC01_01,2,holding_register
,,1,2023-05-25T06:00:00Z,2023-05-25T18:00:00Z,2023-05-25T16:36:00Z,698,battery voltage,modbus,freqcon,MB198_DC01_01,2,holding_register
,,1,2023-05-25T06:00:00Z,2023-05-25T18:00:00Z,2023-05-25T16:38:00Z,698,battery voltage,modbus,freqcon,MB198_DC01_01,2,holding_register
,,1,2023-05-25T06:00:00Z,2023-05-25T18:00:00Z,2023-05-25T16:40:00Z,698,battery voltage,modbus,freqcon,MB198_DC01_01,2,holding_register
,,1,2023-05-25T06:00:00Z,2023-05-25T18:00:00Z,2023-05-25T16:42:00Z,698,battery voltage,modbus,freqcon,MB198_DC01_01,2,holding_register
,,1,2023-05-25T06:00:00Z,2023-05-25T18:00:00Z,2023-05-25T16:44:00Z,698,battery voltage,modbus,freqcon,MB198_DC01_01,2,holding_register
,,1,2023-05-25T06:00:00Z,2023-05-25T18:00:00Z,2023-05-25T16:46:00Z,698,battery voltage,modbus,freqcon,MB198_DC01_01,2,holding_register
,,1,2023-05-25T06:00:00Z,2023-05-25T18:00:00Z,2023-05-25T16:48:00Z,698,battery voltage,modbus,freqcon,MB198_DC01_01,2,holding_register
,,1,2023-05-25T06:00:00Z,2023-05-25T18:00:00Z,2023-05-25T16:50:00Z,698,battery voltage,modbus,freqcon,MB198_DC01_01,2,holding_register
,,1,2023-05-25T06:00:00Z,2023-05-25T18:00:00Z,2023-05-25T16:52:00Z,698,battery voltage,modbus,freqcon,MB198_DC01_01,2,holding_register
,,1,2023-05-25T06:00:00Z,2023-05-25T18:00:00Z,2023-05-25T16:54:00Z,698,battery voltage,modbus,freqcon,MB198_DC01_01,2,holding_register
,,1,2023-05-25T06:00:00Z,2023-05-25T18:00:00Z,2023-05-25T16:56:00Z,698.1666666666666,battery voltage,modbus,freqcon,MB198_DC01_01,2,holding_register
,,1,2023-05-25T06:00:00Z,2023-05-25T18:00:00Z,2023-05-25T16:58:00Z,698,battery voltage,modbus,freqcon,MB198_DC01_01,2,holding_register
,,1,2023-05-25T06:00:00Z,2023-05-25T18:00:00Z,2023-05-25T17:00:00Z,698,battery voltage,modbus,freqcon,MB198_DC01_01,2,holding_register
,,1,2023-05-25T06:00:00Z,2023-05-25T18:00:00Z,2023-05-25T17:02:00Z,698,battery voltage,modbus,freqcon,MB198_DC01_01,2,holding_register
,,1,2023-05-25T06:00:00Z,2023-05-25T18:00:00Z,2023-05-25T17:04:00Z,698.25,battery voltage,modbus,freqcon,MB198_DC01_01,2,holding_register
,,1,2023-05-25T06:00:00Z,2023-05-25T18:00:00Z,2023-05-25T17:06:00Z,698.0833333333334,battery voltage,modbus,freqcon,MB198_DC01_01,2,holding_register
,,1,2023-05-25T06:00:00Z,2023-05-25T18:00:00Z,2023-05-25T17:08:00Z,698.5333333333334,battery voltage,modbus,freqcon,MB198_DC01_01,2,holding_register
,,1,2023-05-25T06:00:00Z,2023-05-25T18:00:00Z,2023-05-25T17:10:00Z,698.7000000000002,battery voltage,modbus,freqcon,MB198_DC01_01,2,holding_register
,,1,2023-05-25T06:00:00Z,2023-05-25T18:00:00Z,2023-05-25T17:12:00Z,698.6833333333334,battery voltage,modbus,freqcon,MB198_DC01_01,2,holding_register
,,1,2023-05-25T06:00:00Z,2023-05-25T18:00:00Z,2023-05-25T17:14:00Z,698.4000000000001,battery voltage,modbus,freqcon,MB198_DC01_01,2,holding_register
,,1,2023-05-25T06:00:00Z,2023-05-25T18:00:00Z,2023-05-25T17:16:00Z,699.25,battery voltage,modbus,freqcon,MB198_DC01_01,2,holding_register
,,1,2023-05-25T06:00:00Z,2023-05-25T18:00:00Z,2023-05-25T17:18:00Z,698.8333333333334,battery voltage,modbus,freqcon,MB198_DC01_01,2,holding_register
,,1,2023-05-25T06:00:00Z,2023-05-25T18:00:00Z,2023-05-25T17:20:00Z,699.4333333333334,battery voltage,modbus,freqcon,MB198_DC01_01,2,holding_register
,,1,2023-05-25T06:00:00Z,2023-05-25T18:00:00Z,2023-05-25T17:22:00Z,698.8833333333336,battery voltage,modbus,freqcon,MB198_DC01_01,2,holding_register
,,1,2023-05-25T06:00:00Z,2023-05-25T18:00:00Z,2023-05-25T17:24:00Z,699.3333333333335,battery voltage,modbus,freqcon,MB198_DC01_01,2,holding_register
,,1,2023-05-25T06:00:00Z,2023-05-25T18:00:00Z,2023-05-25T17:26:00Z,699.1666666666666,battery voltage,modbus,freqcon,MB198_DC01_01,2,holding_register
,,1,2023-05-25T06:00:00Z,2023-05-25T18:00:00Z,2023-05-25T17:28:00Z,699.5,battery voltage,modbus,freqcon,MB198_DC01_01,2,holding_register
,,1,2023-05-25T06:00:00Z,2023-05-25T18:00:00Z,2023-05-25T17:30:00Z,699.8000000000001,battery voltage,modbus,freqcon,MB198_DC01_01,2,holding_register
,,1,2023-05-25T06:00:00Z,2023-05-25T18:00:00Z,2023-05-25T17:32:00Z,699.6500000000001,battery voltage,modbus,freqcon,MB198_DC01_01,2,holding_register
,,1,2023-05-25T06:00:00Z,2023-05-25T18:00:00Z,2023-05-25T17:34:00Z,699.8000000000001,battery voltage,modbus,freqcon,MB198_DC01_01,2,holding_register
,,1,2023-05-25T06:00:00Z,2023-05-25T18:00:00Z,2023-05-25T17:36:00Z,699.8000000000001,battery voltage,modbus,freqcon,MB198_DC01_01,2,holding_register
,,1,2023-05-25T06:00:00Z,2023-05-25T18:00:00Z,2023-05-25T17:38:00Z,699.8000000000001,battery voltage,modbus,freqcon,MB198_DC01_01,2,holding_register
,,1,2023-05-25T06:00:00Z,2023-05-25T18:00:00Z,2023-05-25T17:40:00Z,699.8000000000001,battery voltage,modbus,freqcon,MB198_DC01_01,2,holding_register
,,1,2023-05-25T06:00:00Z,2023-05-25T18:00:00Z,2023-05-25T17:42:00Z,699.8000000000001,battery voltage,modbus,freqcon,MB198_DC01_01,2,holding_register
,,1,2023-05-25T06:00:00Z,2023-05-25T18:00:00Z,2023-05-25T17:44:00Z,699.8000000000001,battery voltage,modbus,freqcon,MB198_DC01_01,2,holding_register
,,1,2023-05-25T06:00:00Z,2023-05-25T18:00:00Z,2023-05-25T17:46:00Z,699.8000000000001,battery voltage,modbus,freqcon,MB198_DC01_01,2,holding_register
,,1,2023-05-25T06:00:00Z,2023-05-25T18:00:00Z,2023-05-25T17:48:00Z,699.8000000000001,battery voltage,modbus,freqcon,MB198_DC01_01,2,holding_register
,,1,2023-05-25T06:00:00Z,2023-05-25T18:00:00Z,2023-05-25T17:50:00Z,699.8000000000001,battery voltage,modbus,freqcon,MB198_DC01_01,2,holding_register
,,1,2023-05-25T06:00:00Z,2023-05-25T18:00:00Z,2023-05-25T17:52:00Z,699.8000000000001,battery voltage,modbus,freqcon,MB198_DC01_01,2,holding_register
,,1,2023-05-25T06:00:00Z,2023-05-25T18:00:00Z,2023-05-25T17:54:00Z,699.8000000000001,battery voltage,modbus,freqcon,MB198_DC01_01,2,holding_register
,,1,2023-05-25T06:00:00Z,2023-05-25T18:00:00Z,2023-05-25T17:56:00Z,699.8000000000001,battery voltage,modbus,freqcon,MB198_DC01_01,2,holding_register
,,1,2023-05-25T06:00:00Z,2023-05-25T18:00:00Z,2023-05-25T17:58:00Z,699.8000000000001,battery voltage,modbus,freqcon,MB198_DC01_01,2,holding_register
,,1,2023-05-25T06:00:00Z,2023-05-25T18:00:00Z,2023-05-25T18:00:00Z,699.8000000000001,battery voltage,modbus,freqcon,MB198_DC01_01,2,holding_register
