test_1,test_2,result,start,stop,time_index,battery_current,field,measurement,host,name,slave_id,type
,,0,2023-05-25T06:00:00Z,2023-05-25T18:00:00Z,2023-05-25T06:02:00Z,0,battery current,modbus,freqcon,MB198_DC01_01,2,holding_register
,,0,2023-05-25T06:00:00Z,2023-05-25T18:00:00Z,2023-05-25T06:04:00Z,0,battery current,modbus,freqcon,MB198_DC01_01,2,holding_register
,,0,2023-05-25T06:00:00Z,2023-05-25T18:00:00Z,2023-05-25T06:06:00Z,0,battery current,modbus,freqcon,MB198_DC01_01,2,holding_register
,,0,2023-05-25T06:00:00Z,2023-05-25T18:00:00Z,2023-05-25T06:08:00Z,0,battery current,modbus,freqcon,MB198_DC01_01,2,holding_register
,,0,2023-05-25T06:00:00Z,2023-05-25T18:00:00Z,2023-05-25T06:10:00Z,0,battery current,modbus,freqcon,MB198_DC01_01,2,holding_register
,,0,2023-05-25T06:00:00Z,2023-05-25T18:00:00Z,2023-05-25T06:12:00Z,0,battery current,modbus,freqcon,MB198_DC01_01,2,holding_register
,,0,2023-05-25T06:00:00Z,2023-05-25T18:00:00Z,2023-05-25T06:14:00Z,0,battery current,modbus,freqcon,MB198_DC01_01,2,holding_register
,,0,2023-05-25T06:00:00Z,2023-05-25T18:00:00Z,2023-05-25T06:16:00Z,0,battery current,modbus,freqcon,MB198_DC01_01,2,holding_register
,,0,2023-05-25T06:00:00Z,2023-05-25T18:00:00Z,2023-05-25T06:18:00Z,3,battery current,modbus,freqcon,MB198_DC01_01,2,holding_register
,,0,2023-05-25T06:00:00Z,2023-05-25T18:00:00Z,2023-05-25T06:20:00Z,3.5,battery current,modbus,freqcon,MB198_DC01_01,2,holding_register
,,0,2023-05-25T06:00:00Z,2023-05-25T18:00:00Z,2023-05-25T06:22:00Z,4,battery current,modbus,freqcon,MB198_DC01_01,2,holding_register
,,0,2023-05-25T06:00:00Z,2023-05-25T18:00:00Z,2023-05-25T06:24:00Z,4,battery current,modbus,freqcon,MB198_DC01_01,2,holding_register
,,0,2023-05-25T06:00:00Z,2023-05-25T18:00:00Z,2023-05-25T06:26:00Z,1.5,battery current,modbus,freqcon,MB198_DC01_01,2,holding_register
,,0,2023-05-25T06:00:00Z,2023-05-25T18:00:00Z,2023-05-25T06:28:00Z,-1,battery current,modbus,freqcon,MB198_DC01_01,2,holding_register
,,0,2023-05-25T06:00:00Z,2023-05-25T18:00:00Z,2023-05-25T06:30:00Z,-123.83333333333333,battery current,modbus,freqcon,MB198_DC01_01,2,holding_register
,,0,2023-05-25T06:00:00Z,2023-05-25T18:00:00Z,2023-05-25T06:32:00Z,-135.16666666666666,battery current,modbus,freqcon,MB198_DC01_01,2,holding_register
,,0,2023-05-25T06:00:00Z,2023-05-25T18:00:00Z,2023-05-25T06:34:00Z,-135.16666666666666,battery current,modbus,freqcon,MB198_DC01_01,2,holding_register
,,0,2023-05-25T06:00:00Z,2023-05-25T18:00:00Z,2023-05-25T06:36:00Z,-135.83333333333334,battery current,modbus,freqcon,MB198_DC01_01,2,holding_register
,,0,2023-05-25T06:00:00Z,2023-05-25T18:00:00Z,2023-05-25T06:38:00Z,-135.83333333333334,battery current,modbus,freqcon,MB198_DC01_01,2,holding_register
,,0,2023-05-25T06:00:00Z,2023-05-25T18:00:00Z,2023-05-25T06:40:00Z,-136,battery current,modbus,freqcon,MB198_DC01_01,2,holding_register
,,0,2023-05-25T06:00:00Z,2023-05-25T18:00:00Z,2023-05-25T06:42:00Z,-136,battery current,modbus,freqcon,MB198_DC01_01,2,holding_register
,,0,2023-05-25T06:00:00Z,2023-05-25T18:00:00Z,2023-05-25T06:44:00Z,-136,battery current,modbus,freqcon,MB198_DC01_01,2,holding_register
,,0,2023-05-25T06:00:00Z,2023-05-25T18:00:00Z,2023-05-25T06:46:00Z,-136,battery current,modbus,freqcon,MB198_DC01_01,2,holding_register
,,0,2023-05-25T06:00:00Z,2023-05-25T18:00:00Z,2023-05-25T06:48:00Z,-136,battery current,modbus,freqcon,MB198_DC01_01,2,holding_register
,,0,2023-05-25T06:00:00Z,2023-05-25T18:00:00Z,2023-05-25T06:50:00Z,-136,battery current,modbus,freqcon,MB198_DC01_01,2,holding_register
,,0,2023-05-25T06:00:00Z,2023-05-25T18:00:00Z,2023-05-25T06:52:00Z,-136,battery current,modbus,freqcon,MB198_DC01_01,2,holding_register
,,0,2023-05-25T06:00:00Z,2023-05-25T18:00:00Z,2023-05-25T06:54:00Z,-136,battery current,modbus,freqcon,MB198_DC01_01,2,holding_register
,,0,2023-05-25T06:00:00Z,2023-05-25T18:00:00Z,2023-05-25T06:56:00Z,-136,battery current,modbus,freqcon,MB198_DC01_01,2,holding_register
,,0,2023-05-25T06:00:00Z,2023-05-25T18:00:00Z,2023-05-25T06:58:00Z,-136,battery current,modbus,freqcon,MB198_DC01_01,2,holding_register
,,0,2023-05-25T06:00:00Z,2023-05-25T18:00:00Z,2023-05-25T07:00:00Z,-136.16666666666666,battery current,modbus,freqcon,MB198_DC01_01,2,holding_register
,,0,2023-05-25T06:00:00Z,2023-05-25T18:00:00Z,2023-05-25T07:02:00Z,-136.16666666666666,battery current,modbus,freqcon,MB198_DC01_01,2,holding_register
,,0,2023-05-25T06:00:00Z,2023-05-25T18:00:00Z,2023-05-25T07:04:00Z,-136.16666666666666,battery current,modbus,freqcon,MB198_DC01_01,2,holding_register
,,0,2023-05-25T06:00:00Z,2023-05-25T18:00:00Z,2023-05-25T07:06:00Z,-136.5,battery current,modbus,freqcon,MB198_DC01_01,2,holding_register
,,0,2023-05-25T06:00:00Z,2023-05-25T18:00:00Z,2023-05-25T07:08:00Z,-136.83333333333334,battery current,modbus,freqcon,MB198_DC01_01,2,holding_register
,,0,2023-05-25T06:00:00Z,2023-05-25T18:00:00Z,2023-05-25T07:10:00Z,-137,battery current,modbus,freqcon,MB198_DC01_01,2,holding_register
,,0,2023-05-25T06:00:00Z,2023-05-25T18:00:00Z,2023-05-25T07:12:00Z,-137,battery current,modbus,freqcon,MB198_DC01_01,2,holding_register
,,0,2023-05-25T06:00:00Z,2023-05-25T18:00:00Z,2023-05-25T07:14:00Z,-137,battery current,modbus,freqcon,MB198_DC01_01,2,holding_register
,,0,2023-05-25T06:00:00Z,2023-05-25T18:00:00Z,2023-05-25T07:16:00Z,-137,battery current,modbus,freqcon,MB198_DC01_01,2,holding_register
,,0,2023-05-25T06:00:00Z,2023-05-25T18:00:00Z,2023-05-25T07:18:00Z,-137,battery current,modbus,freqcon,MB198_DC01_01,2,holding_register
,,0,2023-05-25T06:00:00Z,2023-05-25T18:00:00Z,2023-05-25T07:20:00Z,-137,battery current,modbus,freqcon,MB198_DC01_01,2,holding_register
,,0,2023-05-25T06:00:00Z,2023-05-25T18:00:00Z,2023-05-25T07:22:00Z,-137.33333333333334,battery current,modbus,freqcon,MB198_DC01_01,2,holding_register
,,0,2023-05-25T06:00:00Z,2023-05-25T18:00:00Z,2023-05-25T07:24:00Z,-138,battery current,modbus,freqcon,MB198_DC01_01,2,holding_register
,,0,2023-05-25T06:00:00Z,2023-05-25T18:00:00Z,2023-05-25T07:26:00Z,-138,battery current,modbus,freqcon,MB198_DC01_01,2,holding_register
,,0,2023-05-25T06:00:00Z,2023-05-25T18:00:00Z,2023-05-25T07:28:00Z,-138,battery current,modbus,freqcon,MB198_DC01_01,2,holding_register
,,0,2023-05-25T06:00:00Z,2023-05-25T18:00:00Z,2023-05-25T07:30:00Z,-138,battery current,modbus,freqcon,MB198_DC01_01,2,holding_register
,,0,2023-05-25T06:00:00Z,2023-05-25T18:00:00Z,2023-05-25T07:32:00Z,-138.16666666666666,battery current,modbus,freqcon,MB198_DC01_01,2,holding_register
,,0,2023-05-25T06:00:00Z,2023-05-25T18:00:00Z,2023-05-25T07:34:00Z,-138.33333333333334,battery current,modbus,freqcon,MB198_DC01_01,2,holding_register
,,0,2023-05-25T06:00:00Z,2023-05-25T18:00:00Z,2023-05-25T07:36:00Z,-138.83333333333334,battery current,modbus,freqcon,MB198_DC01_01,2,holding_register
,,0,2023-05-25T06:00:00Z,2023-05-25T18:00:00Z,2023-05-25T07:38:00Z,-139,battery current,modbus,freqcon,MB198_DC01_01,2,holding_register
,,0,2023-05-25T06:00:00Z,2023-05-25T18:00:00Z,2023-05-25T07:40:00Z,-139,battery current,modbus,freqcon,MB198_DC01_01,2,holding_register
,,0,2023-05-25T06:00:00Z,2023-05-25T18:00:00Z,2023-05-25T07:42:00Z,-139,battery current,modbus,freqcon,MB198_DC01_01,2,holding_register
,,0,2023-05-25T06:00:00Z,2023-05-25T18:00:00Z,2023-05-25T07:44:00Z,-139,battery current,modbus,freqcon,MB198_DC01_01,2,holding_register
,,0,2023-05-25T06:00:00Z,2023-05-25T18:00:00Z,2023-05-25T07:46:00Z,-139.5,battery current,modbus,freqcon,MB198_DC01_01,2,holding_register
,,0,2023-05-25T06:00:00Z,2023-05-25T18:00:00Z,2023-05-25T07:48:00Z,-139.5,battery current,modbus,freqcon,MB198_DC01_01,2,holding_register
,,0,2023-05-25T06:00:00Z,2023-05-25T18:00:00Z,2023-05-25T07:50:00Z,-139.83333333333334,battery current,modbus,freqcon,MB198_DC01_01,2,holding_register
,,0,2023-05-25T06:00:00Z,2023-05-25T18:00:00Z,2023-05-25T07:52:00Z,-139.83333333333334,battery current,modbus,freqcon,MB198_DC01_01,2,holding_register
,,0,2023-05-25T06:00:00Z,2023-05-25T18:00:00Z,2023-05-25T07:54:00Z,-140,battery current,modbus,freqcon,MB198_DC01_01,2,holding_register
,,0,2023-05-25T06:00:00Z,2023-05-25T18:00:00Z,2023-05-25T07:56:00Z,-140,battery current,modbus,freqcon,MB198_DC01_01,2,holding_register
,,0,2023-05-25T06:00:00Z,2023-05-25T18:00:00Z,2023-05-25T07:58:00Z,-140.16666666666666,battery current,modbus,freqcon,MB198_DC01_01,2,holding_register
,,0,2023-05-25T06:00:00Z,2023-05-25T18:00:00Z,2023-05-25T08:00:00Z,-140,battery current,modbus,freqcon,MB198_DC01_01,2,holding_register
,,0,2023-05-25T06:00:00Z,2023-05-25T18:00:00Z,2023-05-25T08:02:00Z,-140.33333333333334,battery current,modbus,freqcon,MB198_DC01_01,2,holding_register
,,0,2023-05-25T06:00:00Z,2023-05-25T18:00:00Z,2023-05-25T08:04:00Z,-140,battery current,modbus,freqcon,MB198_DC01_01,2,holding_register
,,0,2023-05-25T06:00:00Z,2023-05-25T18:00:00Z,2023-05-25T08:06:00Z,-140.16666666666666,battery current,modbus,freqcon,MB198_DC01_01,2,holding_register
,,0,2023-05-25T06:00:00Z,2023-05-25T18:00:00Z,2023-05-25T08:08:00Z,-140,battery current,modbus,freqcon,MB198_DC01_01,2,holding_register
,,0,2023-05-25T06:00:00Z,2023-05-25T18:00:00Z,2023-05-25T08:10:00Z,-141,battery current,modbus,freqcon,MB198_DC01_01,2,holding_register
,,0,2023-05-25T06:00:00Z,2023-05-25T18:00:00Z,2023-05-25T08:12:00Z,-141.83333333333334,battery current,modbus,freqcon,MB198_DC01_01,2,holding_register
,,0,2023-05-25T06:00:00Z,2023-05-25T18:00:00Z,2023-05-25T08:14:00Z,-142.16666666666666,battery current,modbus,freqcon,MB198_DC01_01,2,holding_register
,,0,2023-05-25T06:00:00Z,2023-05-25T18:00:00Z,2023-05-25T08:16:00Z,-142.66666666666666,battery current,modbus,freqcon,MB198_DC01_01,2,holding_register
,,0,2023-05-25T06:00:00Z,2023-05-25T18:00:00Z,2023-05-25T08:18:00Z,-142.5,battery current,modbus,freqcon,MB198_DC01_01,2,holding_register
,,0,2023-05-25T06:00:00Z,2023-05-25T18:00:00Z,2023-05-25T08:20:00Z,-140.66666666666666,battery current,modbus,freqcon,MB198_DC01_01,2,holding_register
,,0,2023-05-25T06:00:00Z,2023-05-25T18:00:00Z,2023-05-25T08:22:00Z,-137.83333333333334,battery current,modbus,freqcon,MB198_DC01_01,2,holding_register
,,0,2023-05-25T06:00:00Z,2023-05-25T18:00:00Z,2023-05-25T08:24:00Z,-80,battery current,modbus,freqcon,MB198_DC01_01,2,holding_register
,,0,2023-05-25T06:00:00Z,2023-05-25T18:00:00Z,2023-05-25T08:26:00Z,-44.5,battery current,modbus,freqcon,MB198_DC01_01,2,holding_register
,,0,2023-05-25T06:00:00Z,2023-05-25T18:00:00Z,2023-05-25T08:28:00Z,-2,battery current,modbus,freqcon,MB198_DC01_01,2,holding_register
,,0,2023-05-25T06:00:00Z,2023-05-25T18:00:00Z,2023-05-25T08:30:00Z,3,battery current,modbus,freqcon,MB198_DC01_01,2,holding_register
,,0,2023-05-25T06:00:00Z,2023-05-25T18:00:00Z,2023-05-25T08:32:00Z,5.666666666666667,battery current,modbus,freqcon,MB198_DC01_01,2,holding_register
,,0,2023-05-25T06:00:00Z,2023-05-25T18:00:00Z,2023-05-25T08:34:00Z,78.66666666666667,battery current,modbus,freqcon,MB198_DC01_01,2,holding_register
,,0,2023-05-25T06:00:00Z,2023-05-25T18:00:00Z,2023-05-25T08:36:00Z,122.16666666666667,battery current,modbus,freqcon,MB198_DC01_01,2,holding_register
,,0,2023-05-25T06:00:00Z,2023-05-25T18:00:00Z,2023-05-25T08:38:00Z,122.83333333333333,battery current,modbus,freqcon,MB198_DC01_01,2,holding_register
,,0,2023-05-25T06:00:00Z,2023-05-25T18:00:00Z,2023-05-25T08:40:00Z,120.33333333333333,battery current,modbus,freqcon,MB198_DC01_01,2,holding_register
,,0,2023-05-25T06:00:00Z,2023-05-25T18:00:00Z,2023-05-25T08:42:00Z,119.66666666666667,battery current,modbus,freqcon,MB198_DC01_01,2,holding_register
,,0,2023-05-25T06:00:00Z,2023-05-25T18:00:00Z,2023-05-25T08:44:00Z,119.66666666666667,battery current,modbus,freqcon,MB198_DC01_01,2,holding_register
,,0,2023-05-25T06:00:00Z,2023-05-25T18:00:00Z,2023-05-25T08:46:00Z,119,battery current,modbus,freqcon,MB198_DC01_01,2,holding_register
,,0,2023-05-25T06:00:00Z,2023-05-25T18:00:00Z,2023-05-25T08:48:00Z,119,battery current,modbus,freqcon,MB198_DC01_01,2,holding_register
,,0,2023-05-25T06:00:00Z,2023-05-25T18:00:00Z,2023-05-25T08:50:00Z,119,battery current,modbus,freqcon,MB198_DC01_01,2,holding_register
,,0,2023-05-25T06:00:00Z,2023-05-25T18:00:00Z,2023-05-25T08:52:00Z,37.5,battery current,modbus,freqcon,MB198_DC01_01,2,holding_register
,,0,2023-05-25T06:00:00Z,2023-05-25T18:00:00Z,2023-05-25T08:54:00Z,-0.6666666666666666,battery current,modbus,freqcon,MB198_DC01_01,2,holding_register
,,0,2023-05-25T06:00:00Z,2023-05-25T18:00:00Z,2023-05-25T08:56:00Z,0,battery current,modbus,freqcon,MB198_DC01_01,2,holding_register
,,0,2023-05-25T06:00:00Z,2023-05-25T18:00:00Z,2023-05-25T08:58:00Z,0,battery current,modbus,freqcon,MB198_DC01_01,2,holding_register
,,0,2023-05-25T06:00:00Z,2023-05-25T18:00:00Z,2023-05-25T09:00:00Z,0,battery current,modbus,freqcon,MB198_DC01_01,2,holding_register
,,0,2023-05-25T06:00:00Z,2023-05-25T18:00:00Z,2023-05-25T09:02:00Z,0,battery current,modbus,freqcon,MB198_DC01_01,2,holding_register
,,0,2023-05-25T06:00:00Z,2023-05-25T18:00:00Z,2023-05-25T09:04:00Z,0,battery current,modbus,freqcon,MB198_DC01_01,2,holding_register
,,0,2023-05-25T06:00:00Z,2023-05-25T18:00:00Z,2023-05-25T09:06:00Z,0,battery current,modbus,freqcon,MB198_DC01_01,2,holding_register
,,0,2023-05-25T06:00:00Z,2023-05-25T18:00:00Z,2023-05-25T09:08:00Z,0,battery current,modbus,freqcon,MB198_DC01_01,2,holding_register
,,0,2023-05-25T06:00:00Z,2023-05-25T18:00:00Z,2023-05-25T09:10:00Z,0,battery current,modbus,freqcon,MB198_DC01_01,2,holding_register
,,0,2023-05-25T06:00:00Z,2023-05-25T18:00:00Z,2023-05-25T09:12:00Z,0,battery current,modbus,freqcon,MB198_DC01_01,2,holding_register
,,0,2023-05-25T06:00:00Z,2023-05-25T18:00:00Z,2023-05-25T09:14:00Z,0,battery current,modbus,freqcon,MB198_DC01_01,2,holding_register
,,0,2023-05-25T06:00:00Z,2023-05-25T18:00:00Z,2023-05-25T09:16:00Z,0,battery current,modbus,freqcon,MB198_DC01_01,2,holding_register
,,0,2023-05-25T06:00:00Z,2023-05-25T18:00:00Z,2023-05-25T09:18:00Z,0,battery current,modbus,freqcon,MB198_DC01_01,2,holding_register
,,0,2023-05-25T06:00:00Z,2023-05-25T18:00:00Z,2023-05-25T09:20:00Z,0,battery current,modbus,freqcon,MB198_DC01_01,2,holding_register
,,0,2023-05-25T06:00:00Z,2023-05-25T18:00:00Z,2023-05-25T09:22:00Z,0,battery current,modbus,freqcon,MB198_DC01_01,2,holding_register
,,0,2023-05-25T06:00:00Z,2023-05-25T18:00:00Z,2023-05-25T09:24:00Z,0,battery current,modbus,freqcon,MB198_DC01_01,2,holding_register
,,0,2023-05-25T06:00:00Z,2023-05-25T18:00:00Z,2023-05-25T09:26:00Z,0,battery current,modbus,freqcon,MB198_DC01_01,2,holding_register
,,0,2023-05-25T06:00:00Z,2023-05-25T18:00:00Z,2023-05-25T09:28:00Z,-0.16666666666666666,battery current,modbus,freqcon,MB198_DC01_01,2,holding_register
,,0,2023-05-25T06:00:00Z,2023-05-25T18:00:00Z,2023-05-25T09:30:00Z,-58.166666666666664,battery current,modbus,freqcon,MB198_DC01_01,2,holding_register
,,0,2023-05-25T06:00:00Z,2023-05-25T18:00:00Z,2023-05-25T09:32:00Z,-58,battery current,modbus,freqcon,MB198_DC01_01,2,holding_register
,,0,2023-05-25T06:00:00Z,2023-05-25T18:00:00Z,2023-05-25T09:34:00Z,-58,battery current,modbus,freqcon,MB198_DC01_01,2,holding_register
,,0,2023-05-25T06:00:00Z,2023-05-25T18:00:00Z,2023-05-25T09:36:00Z,-58.666666666666664,battery current,modbus,freqcon,MB198_DC01_01,2,holding_register
,,0,2023-05-25T06:00:00Z,2023-05-25T18:00:00Z,2023-05-25T09:38:00Z,-59.833333333333336,battery current,modbus,freqcon,MB198_DC01_01,2,holding_register
,,0,2023-05-25T06:00:00Z,2023-05-25T18:00:00Z,2023-05-25T09:40:00Z,-60,battery current,modbus,freqcon,MB198_DC01_01,2,holding_register
,,0,2023-05-25T06:00:00Z,2023-05-25T18:00:00Z,2023-05-25T09:42:00Z,-63.5,battery current,modbus,freqcon,MB198_DC01_01,2,holding_register
,,0,2023-05-25T06:00:00Z,2023-05-25T18:00:00Z,2023-05-25T09:44:00Z,-79,battery current,modbus,freqcon,MB198_DC01_01,2,holding_register
,,0,2023-05-25T06:00:00Z,2023-05-25T18:00:00Z,2023-05-25T09:46:00Z,-79,battery current,modbus,freqcon,MB198_DC01_01,2,holding_register
,,0,2023-05-25T06:00:00Z,2023-05-25T18:00:00Z,2023-05-25T09:48:00Z,-79,battery current,modbus,freqcon,MB198_DC01_01,2,holding_register
,,0,2023-05-25T06:00:00Z,2023-05-25T18:00:00Z,2023-05-25T09:50:00Z,-79,battery current,modbus,freqcon,MB198_DC01_01,2,holding_register
,,0,2023-05-25T06:00:00Z,2023-05-25T18:00:00Z,2023-05-25T09:52:00Z,-25.666666666666668,battery current,modbus,freqcon,MB198_DC01_01,2,holding_register
,,0,2023-05-25T06:00:00Z,2023-05-25T18:00:00Z,2023-05-25T09:54:00Z,0,battery current,modbus,freqcon,MB198_DC01_01,2,holding_register
,,0,2023-05-25T06:00:00Z,2023-05-25T18:00:00Z,2023-05-25T09:56:00Z,0,battery current,modbus,freqcon,MB198_DC01_01,2,holding_register
,,0,2023-05-25T06:00:00Z,2023-05-25T18:00:00Z,2023-05-25T09:58:00Z,0,battery current,modbus,freqcon,MB198_DC01_01,2,holding_register
,,0,2023-05-25T06:00:00Z,2023-05-25T18:00:00Z,2023-05-25T10:00:00Z,0,battery current,modbus,freqcon,MB198_DC01_01,2,holding_register
,,0,2023-05-25T06:00:00Z,2023-05-25T18:00:00Z,2023-05-25T10:02:00Z,0,battery current,modbus,freqcon,MB198_DC01_01,2,holding_register
,,0,2023-05-25T06:00:00Z,2023-05-25T18:00:00Z,2023-05-25T10:04:00Z,0,battery current,modbus,freqcon,MB198_DC01_01,2,holding_register
,,0,2023-05-25T06:00:00Z,2023-05-25T18:00:00Z,2023-05-25T10:06:00Z,0,battery current,modbus,freqcon,MB198_DC01_01,2,holding_register
,,0,2023-05-25T06:00:00Z,2023-05-25T18:00:00Z,2023-05-25T10:08:00Z,0,battery current,modbus,freqcon,MB198_DC01_01,2,holding_register
,,0,2023-05-25T06:00:00Z,2023-05-25T18:00:00Z,2023-05-25T10:10:00Z,0,battery current,modbus,freqcon,MB198_DC01_01,2,holding_register
,,0,2023-05-25T06:00:00Z,2023-05-25T18:00:00Z,2023-05-25T10:12:00Z,0,battery current,modbus,freqcon,MB198_DC01_01,2,holding_register
,,0,2023-05-25T06:00:00Z,2023-05-25T18:00:00Z,2023-05-25T10:14:00Z,0,battery current,modbus,freqcon,MB198_DC01_01,2,holding_register
,,0,2023-05-25T06:00:00Z,2023-05-25T18:00:00Z,2023-05-25T10:16:00Z,0,battery current,modbus,freqcon,MB198_DC01_01,2,holding_register
,,0,2023-05-25T06:00:00Z,2023-05-25T18:00:00Z,2023-05-25T10:18:00Z,0,battery current,modbus,freqcon,MB198_DC01_01,2,holding_register
,,0,2023-05-25T06:00:00Z,2023-05-25T18:00:00Z,2023-05-25T10:20:00Z,0,battery current,modbus,freqcon,MB198_DC01_01,2,holding_register
,,0,2023-05-25T06:00:00Z,2023-05-25T18:00:00Z,2023-05-25T10:22:00Z,0,battery current,modbus,freqcon,MB198_DC01_01,2,holding_register
,,0,2023-05-25T06:00:00Z,2023-05-25T18:00:00Z,2023-05-25T10:24:00Z,0,battery current,modbus,freqcon,MB198_DC01_01,2,holding_register
,,0,2023-05-25T06:00:00Z,2023-05-25T18:00:00Z,2023-05-25T10:26:00Z,0,battery current,modbus,freqcon,MB198_DC01_01,2,holding_register
,,0,2023-05-25T06:00:00Z,2023-05-25T18:00:00Z,2023-05-25T10:28:00Z,-0.5,battery current,modbus,freqcon,MB198_DC01_01,2,holding_register
,,0,2023-05-25T06:00:00Z,2023-05-25T18:00:00Z,2023-05-25T10:30:00Z,-0.5,battery current,modbus,freqcon,MB198_DC01_01,2,holding_register
,,0,2023-05-25T06:00:00Z,2023-05-25T18:00:00Z,2023-05-25T10:32:00Z,-0.3333333333333333,battery current,modbus,freqcon,MB198_DC01_01,2,holding_register
,,0,2023-05-25T06:00:00Z,2023-05-25T18:00:00Z,2023-05-25T10:34:00Z,-0.16666666666666666,battery current,modbus,freqcon,MB198_DC01_01,2,holding_register
,,0,2023-05-25T06:00:00Z,2023-05-25T18:00:00Z,2023-05-25T10:36:00Z,-0.5,battery current,modbus,freqcon,MB198_DC01_01,2,holding_register
,,0,2023-05-25T06:00:00Z,2023-05-25T18:00:00Z,2023-05-25T10:38:00Z,-0.16666666666666666,battery current,modbus,freqcon,MB198_DC01_01,2,holding_register
,,0,2023-05-25T06:00:00Z,2023-05-25T18:00:00Z,2023-05-25T10:40:00Z,-0.5,battery current,modbus,freqcon,MB198_DC01_01,2,holding_register
,,0,2023-05-25T06:00:00Z,2023-05-25T18:00:00Z,2023-05-25T10:42:00Z,-0.2,battery current,modbus,freqcon,MB198_DC01_01,2,holding_register
,,0,2023-05-25T06:00:00Z,2023-05-25T18:00:00Z,2023-05-25T11:04:00Z,-1,battery current,modbus,freqcon,MB198_DC01_01,2,holding_register
,,0,2023-05-25T06:00:00Z,2023-05-25T18:00:00Z,2023-05-25T11:06:00Z,-1,battery current,modbus,freqcon,MB198_DC01_01,2,holding_register
,,0,2023-05-25T06:00:00Z,2023-05-25T18:00:00Z,2023-05-25T11:08:00Z,50.833333333333336,battery current,modbus,freqcon,MB198_DC01_01,2,holding_register
,,0,2023-05-25T06:00:00Z,2023-05-25T18:00:00Z,2023-05-25T11:10:00Z,111.16666666666667,battery current,modbus,freqcon,MB198_DC01_01,2,holding_register
,,0,2023-05-25T06:00:00Z,2023-05-25T18:00:00Z,2023-05-25T11:12:00Z,114.5,battery current,modbus,freqcon,MB198_DC01_01,2,holding_register
,,0,2023-05-25T06:00:00Z,2023-05-25T18:00:00Z,2023-05-25T11:14:00Z,114.66666666666667,battery current,modbus,freqcon,MB198_DC01_01,2,holding_register
,,0,2023-05-25T06:00:00Z,2023-05-25T18:00:00Z,2023-05-25T11:16:00Z,114.83333333333333,battery current,modbus,freqcon,MB198_DC01_01,2,holding_register
,,0,2023-05-25T06:00:00Z,2023-05-25T18:00:00Z,2023-05-25T11:18:00Z,115.16666666666667,battery current,modbus,freqcon,MB198_DC01_01,2,holding_register
,,0,2023-05-25T06:00:00Z,2023-05-25T18:00:00Z,2023-05-25T11:20:00Z,115.66666666666667,battery current,modbus,freqcon,MB198_DC01_01,2,holding_register
,,0,2023-05-25T06:00:00Z,2023-05-25T18:00:00Z,2023-05-25T11:22:00Z,115.83333333333333,battery current,modbus,freqcon,MB198_DC01_01,2,holding_register
,,0,2023-05-25T06:00:00Z,2023-05-25T18:00:00Z,2023-05-25T11:24:00Z,115.16666666666667,battery current,modbus,freqcon,MB198_DC01_01,2,holding_register
,,0,2023-05-25T06:00:00Z,2023-05-25T18:00:00Z,2023-05-25T11:26:00Z,115,battery current,modbus,freqcon,MB198_DC01_01,2,holding_register
,,0,2023-05-25T06:00:00Z,2023-05-25T18:00:00Z,2023-05-25T11:28:00Z,114.33333333333333,battery current,modbus,freqcon,MB198_DC01_01,2,holding_register
,,0,2023-05-25T06:00:00Z,2023-05-25T18:00:00Z,2023-05-25T11:30:00Z,114.5,battery current,modbus,freqcon,MB198_DC01_01,2,holding_register
,,0,2023-05-25T06:00:00Z,2023-05-25T18:00:00Z,2023-05-25T11:32:00Z,114.16666666666667,battery current,modbus,freqcon,MB198_DC01_01,2,holding_register
,,0,2023-05-25T06:00:00Z,2023-05-25T18:00:00Z,2023-05-25T11:34:00Z,114,battery current,modbus,freqcon,MB198_DC01_01,2,holding_register
,,0,2023-05-25T06:00:00Z,2023-05-25T18:00:00Z,2023-05-25T11:36:00Z,113.33333333333333,battery current,modbus,freqcon,MB198_DC01_01,2,holding_register
,,0,2023-05-25T06:00:00Z,2023-05-25T18:00:00Z,2023-05-25T11:38:00Z,113,battery current,modbus,freqcon,MB198_DC01_01,2,holding_register
,,0,2023-05-25T06:00:00Z,2023-05-25T18:00:00Z,2023-05-25T11:40:00Z,113,battery current,modbus,freqcon,MB198_DC01_01,2,holding_register
,,0,2023-05-25T06:00:00Z,2023-05-25T18:00:00Z,2023-05-25T11:42:00Z,113,battery current,modbus,freqcon,MB198_DC01_01,2,holding_register
,,0,2023-05-25T06:00:00Z,2023-05-25T18:00:00Z,2023-05-25T11:44:00Z,112.66666666666667,battery current,modbus,freqcon,MB198_DC01_01,2,holding_register
,,0,2023-05-25T06:00:00Z,2023-05-25T18:00:00Z,2023-05-25T11:46:00Z,112.33333333333333,battery current,modbus,freqcon,MB198_DC01_01,2,holding_register
,,0,2023-05-25T06:00:00Z,2023-05-25T18:00:00Z,2023-05-25T11:48:00Z,112.33333333333333,battery current,modbus,freqcon,MB198_DC01_01,2,holding_register
,,0,2023-05-25T06:00:00Z,2023-05-25T18:00:00Z,2023-05-25T11:50:00Z,112.66666666666667,battery current,modbus,freqcon,MB198_DC01_01,2,holding_register
,,0,2023-05-25T06:00:00Z,2023-05-25T18:00:00Z,2023-05-25T11:52:00Z,112.83333333333333,battery current,modbus,freqcon,MB198_DC01_01,2,holding_register
,,0,2023-05-25T06:00:00Z,2023-05-25T18:00:00Z,2023-05-25T11:54:00Z,113,battery current,modbus,freqcon,MB198_DC01_01,2,holding_register
,,0,2023-05-25T06:00:00Z,2023-05-25T18:00:00Z,2023-05-25T11:56:00Z,113,battery current,modbus,freqcon,MB198_DC01_01,2,holding_register
,,0,2023-05-25T06:00:00Z,2023-05-25T18:00:00Z,2023-05-25T11:58:00Z,113,battery current,modbus,freqcon,MB198_DC01_01,2,holding_register
,,0,2023-05-25T06:00:00Z,2023-05-25T18:00:00Z,2023-05-25T12:00:00Z,113,battery current,modbus,freqcon,MB198_DC01_01,2,holding_register
,,0,2023-05-25T06:00:00Z,2023-05-25T18:00:00Z,2023-05-25T12:02:00Z,113,battery current,modbus,freqcon,MB198_DC01_01,2,holding_register
,,0,2023-05-25T06:00:00Z,2023-05-25T18:00:00Z,2023-05-25T12:04:00Z,113,battery current,modbus,freqcon,MB198_DC01_01,2,holding_register
,,0,2023-05-25T06:00:00Z,2023-05-25T18:00:00Z,2023-05-25T12:06:00Z,113,battery current,modbus,freqcon,MB198_DC01_01,2,holding_register
,,0,2023-05-25T06:00:00Z,2023-05-25T18:00:00Z,2023-05-25T12:08:00Z,113,battery current,modbus,freqcon,MB198_DC01_01,2,holding_register
,,0,2023-05-25T06:00:00Z,2023-05-25T18:00:00Z,2023-05-25T12:10:00Z,113,battery current,modbus,freqcon,MB198_DC01_01,2,holding_register
,,0,2023-05-25T06:00:00Z,2023-05-25T18:00:00Z,2023-05-25T12:12:00Z,113,battery current,modbus,freqcon,MB198_DC01_01,2,holding_register
,,0,2023-05-25T06:00:00Z,2023-05-25T18:00:00Z,2023-05-25T12:14:00Z,113,battery current,modbus,freqcon,MB198_DC01_01,2,holding_register
,,0,2023-05-25T06:00:00Z,2023-05-25T18:00:00Z,2023-05-25T12:16:00Z,113,battery current,modbus,freqcon,MB198_DC01_01,2,holding_register
,,0,2023-05-25T06:00:00Z,2023-05-25T18:00:00Z,2023-05-25T12:18:00Z,113,battery current,modbus,freqcon,MB198_DC01_01,2,holding_register
,,0,2023-05-25T06:00:00Z,2023-05-25T18:00:00Z,2023-05-25T12:20:00Z,113.16666666666667,battery current,modbus,freqcon,MB198_DC01_01,2,holding_register
,,0,2023-05-25T06:00:00Z,2023-05-25T18:00:00Z,2023-05-25T12:22:00Z,113.66666666666667,battery current,modbus,freqcon,MB198_DC01_01,2,holding_register
,,0,2023-05-25T06:00:00Z,2023-05-25T18:00:00Z,2023-05-25T12:24:00Z,114,battery current,modbus,freqcon,MB198_DC01_01,2,holding_register
,,0,2023-05-25T06:00:00Z,2023-05-25T18:00:00Z,2023-05-25T12:26:00Z,114,battery current,modbus,freqcon,MB198_DC01_01,2,holding_register
,,0,2023-05-25T06:00:00Z,2023-05-25T18:00:00Z,2023-05-25T12:28:00Z,114,battery current,modbus,freqcon,MB198_DC01_01,2,holding_register
,,0,2023-05-25T06:00:00Z,2023-05-25T18:00:00Z,2023-05-25T12:30:00Z,113.83333333333333,battery current,modbus,freqcon,MB198_DC01_01,2,holding_register
,,0,2023-05-25T06:00:00Z,2023-05-25T18:00:00Z,2023-05-25T12:32:00Z,113.5,battery current,modbus,freqcon,MB198_DC01_01,2,holding_register
,,0,2023-05-25T06:00:00Z,2023-05-25T18:00:00Z,2023-05-25T12:34:00Z,113,battery current,modbus,freqcon,MB198_DC01_01,2,holding_register
,,0,2023-05-25T06:00:00Z,2023-05-25T18:00:00Z,2023-05-25T12:36:00Z,113,battery current,modbus,freqcon,MB198_DC01_01,2,holding_register
,,0,2023-05-25T06:00:00Z,2023-05-25T18:00:00Z,2023-05-25T12:38:00Z,113,battery current,modbus,freqcon,MB198_DC01_01,2,holding_register
,,0,2023-05-25T06:00:00Z,2023-05-25T18:00:00Z,2023-05-25T12:40:00Z,113,battery current,modbus,freqcon,MB198_DC01_01,2,holding_register
,,0,2023-05-25T06:00:00Z,2023-05-25T18:00:00Z,2023-05-25T12:42:00Z,113,battery current,modbus,freqcon,MB198_DC01_01,2,holding_register
,,0,2023-05-25T06:00:00Z,2023-05-25T18:00:00Z,2023-05-25T12:44:00Z,113,battery current,modbus,freqcon,MB198_DC01_01,2,holding_register
,,0,2023-05-25T06:00:00Z,2023-05-25T18:00:00Z,2023-05-25T12:46:00Z,113,battery current,modbus,freqcon,MB198_DC01_01,2,holding_register
,,0,2023-05-25T06:00:00Z,2023-05-25T18:00:00Z,2023-05-25T12:48:00Z,113,battery current,modbus,freqcon,MB198_DC01_01,2,holding_register
,,0,2023-05-25T06:00:00Z,2023-05-25T18:00:00Z,2023-05-25T12:50:00Z,113.16666666666667,battery current,modbus,freqcon,MB198_DC01_01,2,holding_register
,,0,2023-05-25T06:00:00Z,2023-05-25T18:00:00Z,2023-05-25T12:52:00Z,114,battery current,modbus,freqcon,MB198_DC01_01,2,holding_register
,,0,2023-05-25T06:00:00Z,2023-05-25T18:00:00Z,2023-05-25T12:54:00Z,113.83333333333333,battery current,modbus,freqcon,MB198_DC01_01,2,holding_register
,,0,2023-05-25T06:00:00Z,2023-05-25T18:00:00Z,2023-05-25T12:56:00Z,113.83333333333333,battery current,modbus,freqcon,MB198_DC01_01,2,holding_register
,,0,2023-05-25T06:00:00Z,2023-05-25T18:00:00Z,2023-05-25T12:58:00Z,114,battery current,modbus,freqcon,MB198_DC01_01,2,holding_register
,,0,2023-05-25T06:00:00Z,2023-05-25T18:00:00Z,2023-05-25T13:00:00Z,114,battery current,modbus,freqcon,MB198_DC01_01,2,holding_register
,,0,2023-05-25T06:00:00Z,2023-05-25T18:00:00Z,2023-05-25T13:02:00Z,114,battery current,modbus,freqcon,MB198_DC01_01,2,holding_register
,,0,2023-05-25T06:00:00Z,2023-05-25T18:00:00Z,2023-05-25T13:04:00Z,114.16666666666667,battery current,modbus,freqcon,MB198_DC01_01,2,holding_register
,,0,2023-05-25T06:00:00Z,2023-05-25T18:00:00Z,2023-05-25T13:06:00Z,114.66666666666667,battery current,modbus,freqcon,MB198_DC01_01,2,holding_register
,,0,2023-05-25T06:00:00Z,2023-05-25T18:00:00Z,2023-05-25T13:08:00Z,115,battery current,modbus,freqcon,MB198_DC01_01,2,holding_register
,,0,2023-05-25T06:00:00Z,2023-05-25T18:00:00Z,2023-05-25T13:10:00Z,116.33333333333333,battery current,modbus,freqcon,MB198_DC01_01,2,holding_register
,,0,2023-05-25T06:00:00Z,2023-05-25T18:00:00Z,2023-05-25T13:12:00Z,80.66666666666667,battery current,modbus,freqcon,MB198_DC01_01,2,holding_register
,,0,2023-05-25T06:00:00Z,2023-05-25T18:00:00Z,2023-05-25T13:14:00Z,66.83333333333333,battery current,modbus,freqcon,MB198_DC01_01,2,holding_register
,,0,2023-05-25T06:00:00Z,2023-05-25T18:00:00Z,2023-05-25T13:16:00Z,25.166666666666668,battery current,modbus,freqcon,MB198_DC01_01,2,holding_register
,,0,2023-05-25T06:00:00Z,2023-05-25T18:00:00Z,2023-05-25T13:18:00Z,0,battery current,modbus,freqcon,MB198_DC01_01,2,holding_register
,,0,2023-05-25T06:00:00Z,2023-05-25T18:00:00Z,2023-05-25T13:20:00Z,0,battery current,modbus,freqcon,MB198_DC01_01,2,holding_register
,,0,2023-05-25T06:00:00Z,2023-05-25T18:00:00Z,2023-05-25T13:22:00Z,0,battery current,modbus,freqcon,MB198_DC01_01,2,holding_register
,,0,2023-05-25T06:00:00Z,2023-05-25T18:00:00Z,2023-05-25T13:24:00Z,0,battery current,modbus,freqcon,MB198_DC01_01,2,holding_register
,,0,2023-05-25T06:00:00Z,2023-05-25T18:00:00Z,2023-05-25T13:26:00Z,0,battery current,modbus,freqcon,MB198_DC01_01,2,holding_register
,,0,2023-05-25T06:00:00Z,2023-05-25T18:00:00Z,2023-05-25T13:28:00Z,0,battery current,modbus,freqcon,MB198_DC01_01,2,holding_register
,,0,2023-05-25T06:00:00Z,2023-05-25T18:00:00Z,2023-05-25T13:30:00Z,0,battery current,modbus,freqcon,MB198_DC01_01,2,holding_register
,,0,2023-05-25T06:00:00Z,2023-05-25T18:00:00Z,2023-05-25T13:32:00Z,0,battery current,modbus,freqcon,MB198_DC01_01,2,holding_register
,,0,2023-05-25T06:00:00Z,2023-05-25T18:00:00Z,2023-05-25T13:34:00Z,0,battery current,modbus,freqcon,MB198_DC01_01,2,holding_register
,,0,2023-05-25T06:00:00Z,2023-05-25T18:00:00Z,2023-05-25T13:36:00Z,0,battery current,modbus,freqcon,MB198_DC01_01,2,holding_register
,,0,2023-05-25T06:00:00Z,2023-05-25T18:00:00Z,2023-05-25T13:38:00Z,0,battery current,modbus,freqcon,MB198_DC01_01,2,holding_register
,,0,2023-05-25T06:00:00Z,2023-05-25T18:00:00Z,2023-05-25T13:40:00Z,0,battery current,modbus,freqcon,MB198_DC01_01,2,holding_register
,,0,2023-05-25T06:00:00Z,2023-05-25T18:00:00Z,2023-05-25T13:42:00Z,0,battery current,modbus,freqcon,MB198_DC01_01,2,holding_register
,,0,2023-05-25T06:00:00Z,2023-05-25T18:00:00Z,2023-05-25T13:44:00Z,3,battery current,modbus,freqcon,MB198_DC01_01,2,holding_register
,,0,2023-05-25T06:00:00Z,2023-05-25T18:00:00Z,2023-05-25T13:46:00Z,0.8333333333333334,battery current,modbus,freqcon,MB198_DC01_01,2,holding_register
,,0,2023-05-25T06:00:00Z,2023-05-25T18:00:00Z,2023-05-25T13:48:00Z,1,battery current,modbus,freqcon,MB198_DC01_01,2,holding_register
,,0,2023-05-25T06:00:00Z,2023-05-25T18:00:00Z,2023-05-25T13:50:00Z,0.8333333333333334,battery current,modbus,freqcon,MB198_DC01_01,2,holding_register
,,0,2023-05-25T06:00:00Z,2023-05-25T18:00:00Z,2023-05-25T13:52:00Z,-6,battery current,modbus,freqcon,MB198_DC01_01,2,holding_register
,,0,2023-05-25T06:00:00Z,2023-05-25T18:00:00Z,2023-05-25T13:54:00Z,-6,battery current,modbus,freqcon,MB198_DC01_01,2,holding_register
,,0,2023-05-25T06:00:00Z,2023-05-25T18:00:00Z,2023-05-25T13:56:00Z,-6,battery current,modbus,freqcon,MB198_DC01_01,2,holding_register
,,0,2023-05-25T06:00:00Z,2023-05-25T18:00:00Z,2023-05-25T13:58:00Z,-6.166666666666667,battery current,modbus,freqcon,MB198_DC01_01,2,holding_register
,,0,2023-05-25T06:00:00Z,2023-05-25T18:00:00Z,2023-05-25T14:00:00Z,-0.16666666666666666,battery current,modbus,freqcon,MB198_DC01_01,2,holding_register
,,0,2023-05-25T06:00:00Z,2023-05-25T18:00:00Z,2023-05-25T14:02:00Z,0,battery current,modbus,freqcon,MB198_DC01_01,2,holding_register
,,0,2023-05-25T06:00:00Z,2023-05-25T18:00:00Z,2023-05-25T14:04:00Z,0,battery current,modbus,freqcon,MB198_DC01_01,2,holding_register
,,0,2023-05-25T06:00:00Z,2023-05-25T18:00:00Z,2023-05-25T14:06:00Z,0,battery current,modbus,freqcon,MB198_DC01_01,2,holding_register
,,0,2023-05-25T06:00:00Z,2023-05-25T18:00:00Z,2023-05-25T14:08:00Z,0,battery current,modbus,freqcon,MB198_DC01_01,2,holding_register
,,0,2023-05-25T06:00:00Z,2023-05-25T18:00:00Z,2023-05-25T14:10:00Z,0,battery current,modbus,freqcon,MB198_DC01_01,2,holding_register
,,0,2023-05-25T06:00:00Z,2023-05-25T18:00:00Z,2023-05-25T14:12:00Z,0,battery current,modbus,freqcon,MB198_DC01_01,2,holding_register
,,0,2023-05-25T06:00:00Z,2023-05-25T18:00:00Z,2023-05-25T14:14:00Z,-0.16666666666666666,battery current,modbus,freqcon,MB198_DC01_01,2,holding_register
,,0,2023-05-25T06:00:00Z,2023-05-25T18:00:00Z,2023-05-25T14:16:00Z,-0.3333333333333333,battery current,modbus,freqcon,MB198_DC01_01,2,holding_register
,,0,2023-05-25T06:00:00Z,2023-05-25T18:00:00Z,2023-05-25T14:18:00Z,-8.166666666666666,battery current,modbus,freqcon,MB198_DC01_01,2,holding_register
,,0,2023-05-25T06:00:00Z,2023-05-25T18:00:00Z,2023-05-25T14:20:00Z,-101.66666666666667,battery current,modbus,freqcon,MB198_DC01_01,2,holding_register
,,0,2023-05-25T06:00:00Z,2023-05-25T18:00:00Z,2023-05-25T14:22:00Z,-127.16666666666667,battery current,modbus,freqcon,MB198_DC01_01,2,holding_register
,,0,2023-05-25T06:00:00Z,2023-05-25T18:00:00Z,2023-05-25T14:24:00Z,-127.5,battery current,modbus,freqcon,MB198_DC01_01,2,holding_register
,,0,2023-05-25T06:00:00Z,2023-05-25T18:00:00Z,2023-05-25T14:26:00Z,-128,battery current,modbus,freqcon,MB198_DC01_01,2,holding_register
,,0,2023-05-25T06:00:00Z,2023-05-25T18:00:00Z,2023-05-25T14:28:00Z,-128,battery current,modbus,freqcon,MB198_DC01_01,2,holding_register
,,0,2023-05-25T06:00:00Z,2023-05-25T18:00:00Z,2023-05-25T14:30:00Z,-128,battery current,modbus,freqcon,MB198_DC01_01,2,holding_register
,,0,2023-05-25T06:00:00Z,2023-05-25T18:00:00Z,2023-05-25T14:32:00Z,-17.166666666666668,battery current,modbus,freqcon,MB198_DC01_01,2,holding_register
,,0,2023-05-25T06:00:00Z,2023-05-25T18:00:00Z,2023-05-25T14:34:00Z,10.5,battery current,modbus,freqcon,MB198_DC01_01,2,holding_register
,,0,2023-05-25T06:00:00Z,2023-05-25T18:00:00Z,2023-05-25T14:36:00Z,-1,battery current,modbus,freqcon,MB198_DC01_01,2,holding_register
,,0,2023-05-25T06:00:00Z,2023-05-25T18:00:00Z,2023-05-25T14:38:00Z,-1,battery current,modbus,freqcon,MB198_DC01_01,2,holding_register
,,0,2023-05-25T06:00:00Z,2023-05-25T18:00:00Z,2023-05-25T14:40:00Z,-1,battery current,modbus,freqcon,MB198_DC01_01,2,holding_register
,,0,2023-05-25T06:00:00Z,2023-05-25T18:00:00Z,2023-05-25T14:42:00Z,-1,battery current,modbus,freqcon,MB198_DC01_01,2,holding_register
,,0,2023-05-25T06:00:00Z,2023-05-25T18:00:00Z,2023-05-25T14:44:00Z,-1,battery current,modbus,freqcon,MB198_DC01_01,2,holding_register
,,0,2023-05-25T06:00:00Z,2023-05-25T18:00:00Z,2023-05-25T14:46:00Z,-1,battery current,modbus,freqcon,MB198_DC01_01,2,holding_register
,,0,2023-05-25T06:00:00Z,2023-05-25T18:00:00Z,2023-05-25T14:48:00Z,-0.6666666666666666,battery current,modbus,freqcon,MB198_DC01_01,2,holding_register
,,0,2023-05-25T06:00:00Z,2023-05-25T18:00:00Z,2023-05-25T14:50:00Z,0,battery current,modbus,freqcon,MB198_DC01_01,2,holding_register
,,0,2023-05-25T06:00:00Z,2023-05-25T18:00:00Z,2023-05-25T14:52:00Z,0,battery current,modbus,freqcon,MB198_DC01_01,2,holding_register
,,0,2023-05-25T06:00:00Z,2023-05-25T18:00:00Z,2023-05-25T14:54:00Z,0,battery current,modbus,freqcon,MB198_DC01_01,2,holding_register
,,0,2023-05-25T06:00:00Z,2023-05-25T18:00:00Z,2023-05-25T14:56:00Z,0,battery current,modbus,freqcon,MB198_DC01_01,2,holding_register
,,0,2023-05-25T06:00:00Z,2023-05-25T18:00:00Z,2023-05-25T14:58:00Z,0,battery current,modbus,freqcon,MB198_DC01_01,2,holding_register
,,0,2023-05-25T06:00:00Z,2023-05-25T18:00:00Z,2023-05-25T15:00:00Z,0,battery current,modbus,freqcon,MB198_DC01_01,2,holding_register
,,0,2023-05-25T06:00:00Z,2023-05-25T18:00:00Z,2023-05-25T15:02:00Z,0,battery current,modbus,freqcon,MB198_DC01_01,2,holding_register
,,0,2023-05-25T06:00:00Z,2023-05-25T18:00:00Z,2023-05-25T15:04:00Z,0,battery current,modbus,freqcon,MB198_DC01_01,2,holding_register
,,0,2023-05-25T06:00:00Z,2023-05-25T18:00:00Z,2023-05-25T15:06:00Z,0,battery current,modbus,freqcon,MB198_DC01_01,2,holding_register
,,0,2023-05-25T06:00:00Z,2023-05-25T18:00:00Z,2023-05-25T15:08:00Z,0,battery current,modbus,freqcon,MB198_DC01_01,2,holding_register
,,0,2023-05-25T06:00:00Z,2023-05-25T18:00:00Z,2023-05-25T15:10:00Z,0,battery current,modbus,freqcon,MB198_DC01_01,2,holding_register
,,0,2023-05-25T06:00:00Z,2023-05-25T18:00:00Z,2023-05-25T15:12:00Z,0,battery current,modbus,freqcon,MB198_DC01_01,2,holding_register
,,0,2023-05-25T06:00:00Z,2023-05-25T18:00:00Z,2023-05-25T15:14:00Z,0,battery current,modbus,freqcon,MB198_DC01_01,2,holding_register
,,0,2023-05-25T06:00:00Z,2023-05-25T18:00:00Z,2023-05-25T15:16:00Z,0,battery current,modbus,freqcon,MB198_DC01_01,2,holding_register
,,0,2023-05-25T06:00:00Z,2023-05-25T18:00:00Z,2023-05-25T15:18:00Z,0,battery current,modbus,freqcon,MB198_DC01_01,2,holding_register
,,0,2023-05-25T06:00:00Z,2023-05-25T18:00:00Z,2023-05-25T15:54:00Z,0,battery current,modbus,freqcon,MB198_DC01_01,2,holding_register
,,0,2023-05-25T06:00:00Z,2023-05-25T18:00:00Z,2023-05-25T15:56:00Z,0,battery current,modbus,freqcon,MB198_DC01_01,2,holding_register
,,0,2023-05-25T06:00:00Z,2023-05-25T18:00:00Z,2023-05-25T15:58:00Z,0,battery current,modbus,freqcon,MB198_DC01_01,2,holding_register
,,0,2023-05-25T06:00:00Z,2023-05-25T18:00:00Z,2023-05-25T16:00:00Z,0,battery current,modbus,freqcon,MB198_DC01_01,2,holding_register
,,0,2023-05-25T06:00:00Z,2023-05-25T18:00:00Z,2023-05-25T16:02:00Z,0,battery current,modbus,freqcon,MB198_DC01_01,2,holding_register
,,0,2023-05-25T06:00:00Z,2023-05-25T18:00:00Z,2023-05-25T16:04:00Z,0.8333333333333334,battery current,modbus,freqcon,MB198_DC01_01,2,holding_register
,,0,2023-05-25T06:00:00Z,2023-05-25T18:00:00Z,2023-05-25T16:06:00Z,2.8333333333333335,battery current,modbus,freqcon,MB198_DC01_01,2,holding_register
,,0,2023-05-25T06:00:00Z,2023-05-25T18:00:00Z,2023-05-25T16:08:00Z,3,battery current,modbus,freqcon,MB198_DC01_01,2,holding_register
,,0,2023-05-25T06:00:00Z,2023-05-25T18:00:00Z,2023-05-25T16:10:00Z,2.8333333333333335,battery current,modbus,freqcon,MB198_DC01_01,2,holding_register
,,0,2023-05-25T06:00:00Z,2023-05-25T18:00:00Z,2023-05-25T16:12:00Z,3,battery current,modbus,freqcon,MB198_DC01_01,2,holding_register
,,0,2023-05-25T06:00:00Z,2023-05-25T18:00:00Z,2023-05-25T16:14:00Z,0,battery current,modbus,freqcon,MB198_DC01_01,2,holding_register
,,0,2023-05-25T06:00:00Z,2023-05-25T18:00:00Z,2023-05-25T16:16:00Z,-0.5,battery current,modbus,freqcon,MB198_DC01_01,2,holding_register
,,0,2023-05-25T06:00:00Z,2023-05-25T18:00:00Z,2023-05-25T16:18:00Z,-0.5,battery current,modbus,freqcon,MB198_DC01_01,2,holding_register
,,0,2023-05-25T06:00:00Z,2023-05-25T18:00:00Z,2023-05-25T16:20:00Z,-0.5,battery current,modbus,freqcon,MB198_DC01_01,2,holding_register
,,0,2023-05-25T06:00:00Z,2023-05-25T18:00:00Z,2023-05-25T16:22:00Z,-0.16666666666666666,battery current,modbus,freqcon,MB198_DC01_01,2,holding_register
,,0,2023-05-25T06:00:00Z,2023-05-25T18:00:00Z,2023-05-25T16:24:00Z,0,battery current,modbus,freqcon,MB198_DC01_01,2,holding_register
,,0,2023-05-25T06:00:00Z,2023-05-25T18:00:00Z,2023-05-25T16:26:00Z,0,battery current,modbus,freqcon,MB198_DC01_01,2,holding_register
,,0,2023-05-25T06:00:00Z,2023-05-25T18:00:00Z,2023-05-25T16:28:00Z,0,battery current,modbus,freqcon,MB198_DC01_01,2,holding_register
,,0,2023-05-25T06:00:00Z,2023-05-25T18:00:00Z,2023-05-25T16:30:00Z,0,battery current,modbus,freqcon,MB198_DC01_01,2,holding_register
,,0,2023-05-25T06:00:00Z,2023-05-25T18:00:00Z,2023-05-25T16:32:00Z,-0.3333333333333333,battery current,modbus,freqcon,MB198_DC01_01,2,holding_register
,,0,2023-05-25T06:00:00Z,2023-05-25T18:00:00Z,2023-05-25T16:34:00Z,1.6666666666666667,battery current,modbus,freqcon,MB198_DC01_01,2,holding_register
,,0,2023-05-25T06:00:00Z,2023-05-25T18:00:00Z,2023-05-25T16:36:00Z,4,battery current,modbus,freqcon,MB198_DC01_01,2,holding_register
,,0,2023-05-25T06:00:00Z,2023-05-25T18:00:00Z,2023-05-25T16:38:00Z,4,battery current,modbus,freqcon,MB198_DC01_01,2,holding_register
,,0,2023-05-25T06:00:00Z,2023-05-25T18:00:00Z,2023-05-25T16:40:00Z,4,battery current,modbus,freqcon,MB198_DC01_01,2,holding_register
,,0,2023-05-25T06:00:00Z,2023-05-25T18:00:00Z,2023-05-25T16:42:00Z,4,battery current,modbus,freqcon,MB198_DC01_01,2,holding_register
,,0,2023-05-25T06:00:00Z,2023-05-25T18:00:00Z,2023-05-25T16:44:00Z,4,battery current,modbus,freqcon,MB198_DC01_01,2,holding_register
,,0,2023-05-25T06:00:00Z,2023-05-25T18:00:00Z,2023-05-25T16:46:00Z,4,battery current,modbus,freqcon,MB198_DC01_01,2,holding_register
,,0,2023-05-25T06:00:00Z,2023-05-25T18:00:00Z,2023-05-25T16:48:00Z,4,battery current,modbus,freqcon,MB198_DC01_01,2,holding_register
,,0,2023-05-25T06:00:00Z,2023-05-25T18:00:00Z,2023-05-25T16:50:00Z,4,battery current,modbus,freqcon,MB198_DC01_01,2,holding_register
,,0,2023-05-25T06:00:00Z,2023-05-25T18:00:00Z,2023-05-25T16:52:00Z,4,battery current,modbus,freqcon,MB198_DC01_01,2,holding_register
,,0,2023-05-25T06:00:00Z,2023-05-25T18:00:00Z,2023-05-25T16:54:00Z,4,battery current,modbus,freqcon,MB198_DC01_01,2,holding_register
,,0,2023-05-25T06:00:00Z,2023-05-25T18:00:00Z,2023-05-25T16:56:00Z,4,battery current,modbus,freqcon,MB198_DC01_01,2,holding_register
,,0,2023-05-25T06:00:00Z,2023-05-25T18:00:00Z,2023-05-25T16:58:00Z,4,battery current,modbus,freqcon,MB198_DC01_01,2,holding_register
,,0,2023-05-25T06:00:00Z,2023-05-25T18:00:00Z,2023-05-25T17:00:00Z,4,battery current,modbus,freqcon,MB198_DC01_01,2,holding_register
,,0,2023-05-25T06:00:00Z,2023-05-25T18:00:00Z,2023-05-25T17:02:00Z,4,battery current,modbus,freqcon,MB198_DC01_01,2,holding_register
,,0,2023-05-25T06:00:00Z,2023-05-25T18:00:00Z,2023-05-25T17:04:00Z,4,battery current,modbus,freqcon,MB198_DC01_01,2,holding_register
,,0,2023-05-25T06:00:00Z,2023-05-25T18:00:00Z,2023-05-25T17:06:00Z,4,battery current,modbus,freqcon,MB198_DC01_01,2,holding_register
,,0,2023-05-25T06:00:00Z,2023-05-25T18:00:00Z,2023-05-25T17:08:00Z,4,battery current,modbus,freqcon,MB198_DC01_01,2,holding_register
,,0,2023-05-25T06:00:00Z,2023-05-25T18:00:00Z,2023-05-25T17:10:00Z,4,battery current,modbus,freqcon,MB198_DC01_01,2,holding_register
,,0,2023-05-25T06:00:00Z,2023-05-25T18:00:00Z,2023-05-25T17:12:00Z,4,battery current,modbus,freqcon,MB198_DC01_01,2,holding_register
,,0,2023-05-25T06:00:00Z,2023-05-25T18:00:00Z,2023-05-25T17:14:00Z,4,battery current,modbus,freqcon,MB198_DC01_01,2,holding_register
,,0,2023-05-25T06:00:00Z,2023-05-25T18:00:00Z,2023-05-25T17:16:00Z,4,battery current,modbus,freqcon,MB198_DC01_01,2,holding_register
,,0,2023-05-25T06:00:00Z,2023-05-25T18:00:00Z,2023-05-25T17:18:00Z,4,battery current,modbus,freqcon,MB198_DC01_01,2,holding_register
,,0,2023-05-25T06:00:00Z,2023-05-25T18:00:00Z,2023-05-25T17:20:00Z,4,battery current,modbus,freqcon,MB198_DC01_01,2,holding_register
,,0,2023-05-25T06:00:00Z,2023-05-25T18:00:00Z,2023-05-25T17:22:00Z,4,battery current,modbus,freqcon,MB198_DC01_01,2,holding_register
,,0,2023-05-25T06:00:00Z,2023-05-25T18:00:00Z,2023-05-25T17:24:00Z,4,battery current,modbus,freqcon,MB198_DC01_01,2,holding_register
,,0,2023-05-25T06:00:00Z,2023-05-25T18:00:00Z,2023-05-25T17:26:00Z,4,battery current,modbus,freqcon,MB198_DC01_01,2,holding_register
,,0,2023-05-25T06:00:00Z,2023-05-25T18:00:00Z,2023-05-25T17:28:00Z,4,battery current,modbus,freqcon,MB198_DC01_01,2,holding_register
,,0,2023-05-25T06:00:00Z,2023-05-25T18:00:00Z,2023-05-25T17:30:00Z,4,battery current,modbus,freqcon,MB198_DC01_01,2,holding_register
,,0,2023-05-25T06:00:00Z,2023-05-25T18:00:00Z,2023-05-25T17:32:00Z,4,battery current,modbus,freqcon,MB198_DC01_01,2,holding_register
,,0,2023-05-25T06:00:00Z,2023-05-25T18:00:00Z,2023-05-25T17:34:00Z,4,battery current,modbus,freqcon,MB198_DC01_01,2,holding_register
,,0,2023-05-25T06:00:00Z,2023-05-25T18:00:00Z,2023-05-25T17:36:00Z,4,battery current,modbus,freqcon,MB198_DC01_01,2,holding_register
,,0,2023-05-25T06:00:00Z,2023-05-25T18:00:00Z,2023-05-25T17:38:00Z,4,battery current,modbus,freqcon,MB198_DC01_01,2,holding_register
,,0,2023-05-25T06:00:00Z,2023-05-25T18:00:00Z,2023-05-25T17:40:00Z,4,battery current,modbus,freqcon,MB198_DC01_01,2,holding_register
,,0,2023-05-25T06:00:00Z,2023-05-25T18:00:00Z,2023-05-25T17:42:00Z,4,battery current,modbus,freqcon,MB198_DC01_01,2,holding_register
,,0,2023-05-25T06:00:00Z,2023-05-25T18:00:00Z,2023-05-25T17:44:00Z,4,battery current,modbus,freqcon,MB198_DC01_01,2,holding_register
,,0,2023-05-25T06:00:00Z,2023-05-25T18:00:00Z,2023-05-25T17:46:00Z,4,battery current,modbus,freqcon,MB198_DC01_01,2,holding_register
,,0,2023-05-25T06:00:00Z,2023-05-25T18:00:00Z,2023-05-25T17:48:00Z,4,battery current,modbus,freqcon,MB198_DC01_01,2,holding_register
,,0,2023-05-25T06:00:00Z,2023-05-25T18:00:00Z,2023-05-25T17:50:00Z,4,battery current,modbus,freqcon,MB198_DC01_01,2,holding_register
,,0,2023-05-25T06:00:00Z,2023-05-25T18:00:00Z,2023-05-25T17:52:00Z,4,battery current,modbus,freqcon,MB198_DC01_01,2,holding_register
,,0,2023-05-25T06:00:00Z,2023-05-25T18:00:00Z,2023-05-25T17:54:00Z,4,battery current,modbus,freqcon,MB198_DC01_01,2,holding_register
,,0,2023-05-25T06:00:00Z,2023-05-25T18:00:00Z,2023-05-25T17:56:00Z,4,battery current,modbus,freqcon,MB198_DC01_01,2,holding_register
,,0,2023-05-25T06:00:00Z,2023-05-25T18:00:00Z,2023-05-25T17:58:00Z,4,battery current,modbus,freqcon,MB198_DC01_01,2,holding_register
,,0,2023-05-25T06:00:00Z,2023-05-25T18:00:00Z,2023-05-25T18:00:00Z,4,battery current,modbus,freqcon,MB198_DC01_01,2,holding_register
